id       A1    A2    A3    
P1       76       95       33       
P2       46       38       52       
P3       91       29       17       
P4       86       97       3        
P5       56       61       23       
P6       41       5        87       
P7       35       53       20       
P8       7        62       33       
P9       74       69       31       
P10      78       45       10       
P11      31       42       87       
P12      78       44       47       
P13      23       76       84       
P14      60       67       47       
P15      25       11       72       
P16      96       10       39       
P17      28       79       65       
P18      98       94       94       
P19      36       51       5        
P20      16       55       21       
P21      6        84       59       
P22      81       21       7        
P23      9        47       54       
P24      32       74       18       
P25      12       35       24       
P26      87       64       84       
P27      11       23       84       
P28      18       6        26       
P29      52       76       41       
P30      29       81       60       
P31      86       83       13       
P32      52       96       16       
P33      24       22       87       
P34      99       48       32       
P35      31       42       45       
P36      60       65       36       
P37      91       61       8        
P38      11       4        5        
P39      26       59       47       
P40      35       70       88       
P41      7        1        74       
P42      88       58       99       
P43      9        41       21       
P44      21       86       90       
P45      33       64       53       
P46      60       20       33       
P47      16       25       18       
P48      39       3        9        
P49      95       99       37       
P50      78       62       25       
P51      82       94       81       
P52      62       97       15       
P53      96       49       19       
P54      11       52       99       
P55      75       21       80       
P56      60       33       80       
P57      46       71       90       
P58      79       48       22       
P59      21       15       95       
P60      8        88       66       
P61      22       52       71       
P62      21       84       63       
P63      6        81       3        
P64      9        54       90       
P65      21       77       57       
P66      80       5        91       
P67      99       19       28       
P68      24       94       18       
P69      26       46       74       
P70      68       35       77       
P71      70       96       82       
P72      61       7        80       
P73      57       9        86       
P74      46       76       17       
P75      86       58       61       
P76      61       36       26       
P77      97       71       63       
P78      91       32       44       
P79      64       74       23       
P80      90       30       97       
P81      51       57       43       
P82      56       87       88       
P83      39       95       54       
P84      55       87       89       
P85      59       8        78       
P86      23       22       83       
P87      36       88       36       
P88      91       72       74       
P89      99       34       84       
P90      98       84       12       
P91      32       24       63       
P92      21       12       18       
P93      32       61       15       
P94      51       49       42       
P95      12       27       71       
P96      49       8        10       
P97      57       97       2        
P98      54       61       14       
P99      11       47       78       
P100     2        27       71       
P101     60       18       98       
P102     78       66       76       
P103     8        13       30       
P104     16       2        86       
P105     40       57       33       
P106     75       45       22       
P107     50       53       43       
P108     50       21       28       
P109     81       1        4        
P110     94       83       9        
P111     72       68       8        
P112     42       90       56       
P113     38       58       95       
P114     29       25       17       
P115     33       58       81       
P116     60       67       27       
P117     40       45       45       
P118     30       38       79       
P119     13       37       23       
P120     40       7        35       
P121     80       62       7        
P122     90       16       26       
P123     68       25       70       
P124     76       73       20       
P125     71       75       65       
P126     1        54       4        
P127     13       53       45       
P128     27       9        64       
P129     91       86       99       
P130     41       79       16       
P131     15       78       68       
P132     69       8        65       
P133     95       3        98       
P134     53       22       89       
P135     95       48       67       
P136     96       31       65       
P137     5        92       7        
P138     29       63       8        
P139     45       39       71       
P140     99       86       14       
P141     35       75       66       
P142     80       70       63       
P143     92       40       61       
P144     21       42       60       
P145     78       42       40       
P146     70       31       6        
P147     34       89       92       
P148     97       9        100      
P149     95       61       50       
P150     55       48       53       
P151     26       50       48       
P152     37       82       4        
P153     4        23       98       
P154     68       19       80       
P155     93       2        86       
P156     14       4        17       
P157     48       11       33       
P158     97       37       70       
P159     24       38       84       
P160     40       96       45       
P161     72       4        99       
P162     9        29       52       
P163     75       69       100      
P164     66       59       21       
P165     93       8        83       
P166     84       18       41       
P167     92       22       57       
P168     1        95       10       
P169     39       3        19       
P170     63       27       17       
P171     39       19       61       
P172     80       62       53       
P173     40       95       59       
P174     49       32       95       
P175     29       42       10       
P176     5        12       97       
P177     78       60       27       
P178     41       10       53       
P179     65       38       85       
P180     33       38       50       
P181     51       10       83       
P182     31       69       99       
P183     34       28       53       
P184     66       33       59       
P185     23       55       22       
P186     40       23       19       
P187     36       28       54       
P188     42       5        49       
P189     68       19       99       
P190     23       89       91       
P191     42       100      29       
P192     86       23       28       
P193     3        10       27       
P194     18       9        72       
P195     44       8        97       
P196     61       33       67       
P197     43       86       54       
P198     11       74       36       
P199     30       15       15       
P200     83       48       100      
P201     14       70       10       
P202     40       88       32       
P203     60       94       10       
P204     99       82       1        
P205     87       23       89       
P206     22       97       65       
P207     91       35       58       
P208     65       3        97       
P209     79       33       43       
P210     75       14       65       
P211     22       41       76       
P212     9        50       48       
P213     5        18       70       
P214     57       88       77       
P215     2        3        56       
P216     97       15       39       
P217     33       60       91       
P218     7        74       26       
P219     67       39       63       
P220     38       15       92       
P221     90       97       55       
P222     54       34       100      
P223     98       2        72       
P224     6        53       45       
P225     40       77       19       
P226     12       84       27       
P227     72       77       16       
P228     61       41       3        
P229     12       35       81       
P230     39       15       69       
P231     46       27       86       
P232     27       84       83       
P233     62       32       3        
P234     2        68       90       
P235     52       67       61       
P236     74       21       6        
P237     66       57       66       
P238     66       58       45       
P239     17       64       11       
P240     53       99       82       
P241     11       21       84       
P242     23       63       82       
P243     92       77       55       
P244     89       48       17       
P245     57       20       89       
P246     61       37       28       
P247     25       19       26       
P248     12       10       17       
P249     63       39       100      
P250     18       20       68       
P251     19       29       48       
P252     31       98       70       
P253     56       24       21       
P254     6        9        33       
P255     37       7        76       
P256     89       10       1        
P257     43       16       42       
P258     31       69       50       
P259     80       39       47       
P260     27       44       25       
P261     38       88       6        
P262     15       92       38       
P263     99       14       94       
P264     71       29       48       
P265     100      6        82       
P266     19       97       69       
P267     72       30       23       
P268     86       40       51       
P269     83       27       64       
P270     54       74       26       
P271     84       72       67       
P272     33       31       48       
P273     80       83       40       
P274     19       13       77       
P275     33       30       28       
P276     52       72       55       
P277     47       72       66       
P278     84       29       32       
P279     59       59       63       
P280     29       25       59       
P281     76       51       33       
P282     92       39       35       
P283     68       8        13       
P284     88       67       22       
P285     27       64       97       
P286     24       17       18       
P287     50       24       91       
P288     26       2        67       
P289     69       76       16       
P290     11       98       23       
P291     41       31       77       
P292     11       17       69       
P293     27       74       27       
P294     100      49       56       
P295     70       7        19       
P296     73       37       3        
P297     23       28       61       
P298     53       72       7        
P299     62       4        22       
P300     94       14       30       
P301     91       84       18       
P302     77       93       53       
P303     27       42       6        
P304     78       29       10       
P305     69       68       16       
P306     58       51       52       
P307     100      61       90       
P308     67       55       36       
P309     67       38       67       
P310     37       26       1        
P311     90       37       19       
P312     98       92       89       
P313     12       21       47       
P314     40       69       62       
P315     46       16       66       
P316     35       18       22       
P317     79       21       31       
P318     43       82       6        
P319     22       2        99       
P320     5        88       72       
P321     8        89       18       
P322     43       97       3        
P323     37       35       78       
P324     24       82       47       
P325     92       44       38       
P326     45       6        58       
P327     27       48       72       
P328     32       38       18       
P329     63       37       25       
P330     2        69       78       
P331     87       44       60       
P332     19       4        90       
P333     62       1        7        
P334     3        11       69       
P335     26       66       30       
P336     70       64       89       
P337     35       20       31       
P338     35       26       41       
P339     29       81       34       
P340     93       69       33       
P341     80       55       58       
P342     93       51       26       
P343     35       15       77       
P344     34       55       38       
P345     35       93       10       
P346     6        92       30       
P347     17       72       36       
P348     89       14       5        
P349     4        87       95       
P350     48       25       18       
P351     13       79       5        
P352     10       26       75       
P353     15       55       64       
P354     93       59       27       
P355     33       74       87       
P356     67       15       22       
P357     81       98       61       
P358     14       88       34       
P359     21       35       55       
P360     32       42       79       
P361     13       86       17       
P362     67       75       64       
P363     15       98       53       
P364     29       49       62       
P365     56       68       93       
P366     21       85       3        
P367     31       27       17       
P368     91       24       59       
P369     81       10       87       
P370     28       62       90       
P371     84       31       18       
P372     35       45       74       
P373     67       65       25       
P374     75       57       100      
P375     40       31       6        
P376     73       95       90       
P377     82       86       81       
P378     9        26       69       
P379     94       92       73       
P380     9        72       22       
P381     30       47       50       
P382     46       45       57       
P383     38       24       73       
P384     77       11       37       
P385     75       21       9        
P386     19       64       26       
P387     66       57       26       
P388     31       29       4        
P389     53       32       86       
P390     68       70       84       
P391     12       42       82       
P392     49       7        86       
P393     88       87       95       
P394     88       52       88       
P395     79       11       19       
P396     51       30       20       
P397     36       67       47       
P398     94       46       51       
P399     19       95       57       
P400     36       41       43       
P401     15       75       16       
P402     11       11       33       
P403     49       34       40       
P404     49       84       47       
P405     76       34       59       
P406     79       17       39       
P407     61       51       90       
P408     23       58       34       
P409     60       89       88       
P410     63       15       37       
P411     7        97       44       
P412     69       43       22       
P413     88       87       34       
P414     34       22       72       
P415     9        25       50       
P416     31       43       69       
P417     86       40       5        
P418     87       79       96       
P419     98       23       49       
P420     85       51       51       
P421     18       2        52       
P422     82       20       58       
P423     17       51       74       
P424     83       47       70       
P425     48       91       35       
P426     53       86       66       
P427     85       95       20       
P428     50       43       10       
P429     35       76       57       
P430     91       66       52       
P431     81       52       72       
P432     17       63       94       
P433     89       90       67       
P434     53       36       69       
P435     76       30       24       
P436     19       1        60       
P437     95       25       39       
P438     90       88       38       
P439     90       13       77       
P440     17       13       97       
P441     37       57       100      
P442     82       85       97       
P443     65       22       70       
P444     54       16       66       
P445     63       1        92       
P446     42       28       75       
P447     27       78       74       
P448     42       42       75       
P449     11       83       22       
P450     7        38       89       
P451     47       81       12       
P452     9        14       41       
P453     78       33       82       
P454     80       15       58       
P455     44       43       2        
P456     3        1        55       
P457     78       7        58       
P458     30       30       59       
P459     38       5        75       
P460     66       75       33       
P461     61       1        98       
P462     23       21       67       
P463     15       80       6        
P464     70       30       14       
P465     56       5        91       
P466     91       34       23       
P467     41       96       76       
P468     32       89       41       
P469     40       66       51       
P470     32       90       22       
P471     65       43       55       
P472     41       68       19       
P473     2        4        53       
P474     67       74       56       
P475     29       31       57       
P476     7        90       44       
P477     59       92       25       
P478     73       44       81       
P479     4        22       35       
P480     20       92       84       
P481     86       75       37       
P482     56       87       25       
P483     75       82       2        
P484     23       26       80       
P485     6        8        10       
P486     67       30       89       
P487     36       30       36       
P488     8        60       46       
P489     28       95       39       
P490     27       96       65       
P491     83       53       49       
P492     62       70       65       
P493     58       41       28       
P494     27       52       52       
P495     89       5        49       
P496     20       46       75       
P497     35       34       93       
P498     95       37       5        
P499     56       91       54       
P500     73       87       89       
P501     6        37       34       
P502     99       41       78       
P503     73       94       91       
P504     89       7        97       
P505     98       32       94       
P506     47       51       84       
P507     69       33       88       
P508     74       34       37       
P509     83       48       23       
P510     48       5        51       
P511     47       27       66       
P512     60       69       23       
P513     72       40       40       
P514     22       43       53       
P515     48       2        27       
P516     22       30       53       
P517     9        6        15       
P518     3        77       22       
P519     10       24       66       
P520     66       58       54       
P521     28       2        15       
P522     71       71       62       
P523     90       3        44       
P524     55       85       2        
P525     61       81       30       
P526     33       82       66       
P527     48       96       87       
P528     61       99       36       
P529     78       37       65       
P530     78       97       69       
P531     81       44       37       
P532     65       64       82       
P533     42       19       75       
P534     49       47       47       
P535     44       42       98       
P536     60       46       43       
P537     33       21       64       
P538     72       16       21       
P539     31       87       59       
P540     96       67       9        
P541     81       90       19       
P542     13       91       81       
P543     65       20       86       
P544     86       54       60       
P545     95       17       47       
P546     85       2        76       
P547     8        6        35       
P548     87       43       60       
P549     65       13       45       
P550     83       60       42       
P551     57       45       21       
P552     65       86       91       
P553     98       73       46       
P554     56       44       17       
P555     25       12       34       
P556     88       24       56       
P557     48       23       4        
P558     88       84       2        
P559     7        41       29       
P560     55       30       29       
P561     49       79       34       
P562     52       70       93       
P563     96       62       21       
P564     29       47       55       
P565     24       82       76       
P566     54       15       77       
P567     18       7        28       
P568     14       6        3        
P569     67       61       30       
P570     31       57       1        
P571     37       34       55       
P572     24       70       52       
P573     79       32       50       
P574     100      94       74       
P575     17       16       69       
P576     54       45       68       
P577     90       87       30       
P578     9        79       73       
P579     29       69       14       
P580     69       44       25       
P581     24       36       96       
P582     87       72       16       
P583     85       21       9        
P584     21       44       70       
P585     44       56       39       
P586     20       59       10       
P587     66       92       42       
P588     95       26       79       
P589     29       36       46       
P590     65       36       28       
P591     95       56       19       
P592     29       5        18       
P593     53       4        16       
P594     56       7        31       
P595     21       33       71       
P596     1        65       63       
P597     16       92       24       
P598     69       77       48       
P599     40       68       25       
P600     35       89       76       
P601     69       17       57       
P602     60       61       18       
P603     61       45       23       
P604     3        62       53       
P605     2        20       6        
P606     48       43       3        
P607     76       52       65       
P608     85       95       95       
P609     26       14       63       
P610     50       67       34       
P611     14       84       1        
P612     45       97       4        
P613     23       76       91       
P614     35       60       2        
P615     72       100      53       
P616     86       83       7        
P617     36       30       39       
P618     93       12       53       
P619     27       46       61       
P620     42       32       87       
P621     65       53       60       
P622     74       52       59       
P623     88       89       65       
P624     95       73       44       
P625     69       100      60       
P626     60       13       38       
P627     56       54       90       
P628     49       58       19       
P629     33       96       27       
P630     62       42       99       
P631     38       7        60       
P632     4        4        59       
P633     10       12       84       
P634     39       42       98       
P635     69       53       75       
P636     57       72       38       
P637     26       68       53       
P638     85       81       32       
P639     5        1        67       
P640     69       80       99       
P641     89       53       33       
P642     47       18       38       
P643     82       14       31       
P644     39       43       29       
P645     34       79       48       
P646     52       40       18       
P647     55       10       99       
P648     32       9        32       
P649     81       80       61       
P650     61       39       58       
P651     10       98       22       
P652     81       97       39       
P653     31       29       34       
P654     67       79       52       
P655     57       52       58       
P656     25       46       27       
P657     6        82       98       
P658     15       64       38       
P659     49       88       42       
P660     16       25       76       
P661     16       70       57       
P662     58       13       39       
P663     95       11       42       
P664     15       28       10       
P665     62       88       28       
P666     71       90       39       
P667     47       13       83       
P668     13       28       70       
P669     66       90       97       
P670     4        32       12       
P671     29       53       47       
P672     4        16       47       
P673     94       77       14       
P674     78       44       62       
P675     15       43       65       
P676     14       6        63       
P677     29       83       6        
P678     26       29       4        
P679     53       14       73       
P680     92       77       72       
P681     36       85       41       
P682     25       55       53       
P683     97       49       45       
P684     85       38       69       
P685     81       96       88       
P686     71       74       7        
P687     82       84       59       
P688     43       92       18       
P689     46       11       49       
P690     96       72       8        
P691     53       64       48       
P692     99       54       76       
P693     93       10       10       
P694     48       78       11       
P695     71       27       31       
P696     66       47       36       
P697     2        26       13       
P698     42       65       76       
P699     29       25       20       
P700     45       9        56       
P701     56       77       60       
P702     60       45       68       
P703     23       81       57       
P704     89       12       72       
P705     57       54       98       
P706     29       49       56       
P707     12       68       61       
P708     56       81       88       
P709     99       78       45       
P710     16       9        2        
P711     96       58       12       
P712     89       11       60       
P713     43       66       88       
P714     45       61       63       
P715     22       98       6        
P716     50       70       71       
P717     21       38       26       
P718     54       15       63       
P719     40       67       76       
P720     81       24       5        
P721     99       86       22       
P722     41       28       18       
P723     54       41       91       
P724     57       38       76       
P725     32       72       70       
P726     60       57       72       
P727     43       37       3        
P728     28       22       30       
P729     53       2        10       
P730     70       53       73       
P731     77       2        85       
P732     10       59       54       
P733     38       2        60       
P734     69       83       52       
P735     12       69       52       
P736     64       38       16       
P737     94       19       62       
P738     94       64       74       
P739     88       44       77       
P740     90       77       71       
P741     17       98       57       
P742     26       87       18       
P743     100      44       35       
P744     55       55       34       
P745     76       95       10       
P746     1        69       51       
P747     95       17       70       
P748     32       94       31       
P749     48       3        24       
P750     41       73       37       
P751     71       99       57       
P752     84       32       17       
P753     80       8        24       
P754     64       82       50       
P755     29       83       27       
P756     19       61       96       
P757     24       68       41       
P758     95       35       38       
P759     59       59       54       
P760     5        6        19       
P761     87       99       51       
P762     45       8        27       
P763     18       47       14       
P764     95       87       2        
P765     81       47       91       
P766     12       50       7        
P767     19       65       25       
P768     61       63       43       
P769     82       21       9        
P770     7        38       6        
P771     97       56       84       
P772     11       94       11       
P773     15       42       18       
P774     48       60       8        
P775     10       33       92       
P776     50       61       21       
P777     46       8        18       
P778     37       47       13       
P779     83       99       48       
P780     78       97       43       
P781     78       100      66       
P782     7        69       73       
P783     38       90       70       
P784     91       21       73       
P785     62       41       20       
P786     82       16       87       
P787     98       31       20       
P788     1        94       36       
P789     31       15       83       
P790     73       47       96       
P791     98       78       3        
P792     13       41       28       
P793     80       6        25       
P794     93       79       76       
P795     95       17       100      
P796     98       25       53       
P797     28       85       68       
P798     96       54       38       
P799     73       57       56       
P800     80       52       15       
P801     92       72       80       
P802     97       3        70       
P803     26       11       63       
P804     53       62       97       
P805     1        34       48       
P806     3        46       97       
P807     21       86       57       
P808     22       41       90       
P809     78       20       77       
P810     57       63       21       
P811     9        11       12       
P812     85       72       76       
P813     82       3        21       
P814     48       44       54       
P815     50       50       54       
P816     26       48       49       
P817     71       69       33       
P818     20       83       57       
P819     38       92       35       
P820     78       37       15       
P821     91       52       16       
P822     40       97       35       
P823     61       66       59       
P824     48       73       20       
P825     1        74       20       
P826     35       98       78       
P827     78       3        69       
P828     91       88       95       
P829     37       49       14       
P830     34       8        93       
P831     42       77       25       
P832     94       55       47       
P833     45       31       23       
P834     36       11       57       
P835     51       94       77       
P836     45       12       14       
P837     50       31       35       
P838     27       7        21       
P839     82       41       47       
P840     7        11       8        
P841     39       76       74       
P842     73       68       55       
P843     19       70       94       
P844     68       10       58       
P845     49       74       51       
P846     5        31       61       
P847     14       100      10       
P848     37       43       78       
P849     54       59       68       
P850     60       50       16       
P851     83       79       34       
P852     31       87       43       
P853     97       55       36       
P854     11       86       31       
P855     67       16       46       
P856     83       68       99       
P857     69       52       7        
P858     32       65       43       
P859     54       53       80       
P860     12       93       20       
P861     50       50       63       
P862     61       63       43       
P863     89       20       51       
P864     81       41       36       
P865     79       87       69       
P866     45       6        83       
P867     56       55       10       
P868     86       98       72       
P869     72       3        91       
P870     67       50       48       
P871     9        63       86       
P872     26       71       100      
P873     89       19       82       
P874     48       79       7        
P875     40       19       47       
P876     45       32       61       
P877     19       80       37       
P878     26       13       74       
P879     83       52       58       
P880     20       4        12       
P881     24       92       68       
P882     31       7        68       
P883     3        59       64       
P884     28       40       7        
P885     44       60       27       
P886     83       65       3        
P887     1        9        24       
P888     84       28       42       
P889     100      40       34       
P890     46       48       89       
P891     19       40       94       
P892     7        15       72       
P893     40       76       14       
P894     78       91       41       
P895     78       92       31       
P896     67       15       12       
P897     88       12       87       
P898     97       87       49       
P899     93       57       54       
P900     41       12       36       
P901     57       64       72       
P902     19       100      73       
P903     49       92       34       
P904     18       85       73       
P905     40       14       53       
P906     36       84       54       
P907     68       35       66       
P908     41       66       69       
P909     100      65       19       
P910     85       43       64       
P911     64       14       77       
P912     83       61       25       
P913     10       15       26       
P914     48       80       93       
P915     28       64       54       
P916     80       27       74       
P917     38       67       53       
P918     58       50       92       
P919     54       28       12       
P920     81       24       44       
P921     11       70       2        
P922     22       62       52       
P923     88       55       49       
P924     100      2        47       
P925     19       3        83       
P926     88       97       67       
P927     98       75       17       
P928     55       11       35       
P929     36       77       48       
P930     47       87       41       
P931     22       85       34       
P932     2        95       70       
P933     6        17       39       
P934     24       23       1        
P935     98       63       26       
P936     27       89       47       
P937     25       37       81       
P938     15       7        6        
P939     2        28       47       
P940     43       3        38       
P941     32       89       98       
P942     25       12       52       
P943     6        6        25       
P944     91       24       32       
P945     61       33       9        
P946     29       14       4        
P947     19       47       46       
P948     60       89       86       
P949     57       12       10       
P950     51       65       46       
P951     3        72       48       
P952     49       55       74       
P953     13       49       43       
P954     64       96       94       
P955     27       15       40       
P956     45       100      85       
P957     42       27       21       
P958     47       64       96       
P959     81       75       33       
P960     33       83       23       
P961     29       47       48       
P962     22       26       73       
P963     7        1        97       
P964     84       3        94       
P965     78       74       66       
P966     65       70       44       
P967     21       62       27       
P968     81       75       79       
P969     91       52       81       
P970     38       95       93       
P971     60       81       51       
P972     41       11       80       
P973     47       57       64       
P974     19       16       30       
P975     36       36       88       
P976     94       87       94       
P977     92       66       26       
P978     17       49       8        
P979     9        11       71       
P980     68       65       9        
P981     62       64       66       
P982     19       95       9        
P983     67       69       54       
P984     24       79       27       
P985     70       78       80       
P986     39       34       12       
P987     51       3        99       
P988     80       14       45       
P989     87       65       90       
P990     28       4        29       
P991     46       26       75       
P992     90       25       31       
P993     17       5        1        
P994     74       83       36       
P995     88       45       95       
P996     80       47       95       
P997     35       19       98       
P998     50       41       5        
P999     14       12       81       
P1000    44       55       72       
P1001    82       34       3        
P1002    98       21       50       
P1003    77       23       81       
P1004    16       71       58       
P1005    40       67       46       
P1006    5        71       65       
P1007    51       80       47       
P1008    66       72       81       
P1009    64       85       37       
P1010    88       20       97       
P1011    36       85       85       
P1012    55       48       16       
P1013    33       62       46       
P1014    1        63       8        
P1015    23       62       95       
P1016    51       31       67       
P1017    94       92       14       
P1018    73       83       63       
P1019    16       95       50       
P1020    41       35       33       
P1021    24       19       65       
P1022    22       25       9        
P1023    77       85       22       
P1024    16       39       96       
P1025    55       97       92       
P1026    26       48       42       
P1027    73       12       20       
P1028    38       47       11       
P1029    87       48       15       
P1030    80       61       85       
P1031    32       8        84       
P1032    96       14       55       
P1033    67       8        83       
P1034    73       1        57       
P1035    49       41       53       
P1036    51       55       98       
P1037    68       5        9        
P1038    38       37       74       
P1039    51       33       46       
P1040    46       89       40       
P1041    100      95       89       
P1042    45       56       95       
P1043    86       56       37       
P1044    22       81       39       
P1045    6        50       96       
P1046    78       25       15       
P1047    86       29       38       
P1048    72       58       11       
P1049    50       76       16       
P1050    21       69       33       
P1051    54       88       42       
P1052    29       5        52       
P1053    18       67       82       
P1054    70       100      82       
P1055    96       40       68       
P1056    85       68       8        
P1057    39       81       52       
P1058    80       75       55       
P1059    38       50       85       
P1060    69       84       1        
P1061    43       6        82       
P1062    18       49       19       
P1063    60       8        7        
P1064    74       14       11       
P1065    96       89       30       
P1066    56       71       19       
P1067    96       88       7        
P1068    7        50       34       
P1069    63       58       35       
P1070    59       75       8        
P1071    46       61       57       
P1072    38       72       4        
P1073    64       16       78       
P1074    13       53       46       
P1075    42       65       30       
P1076    57       81       38       
P1077    100      12       85       
P1078    45       38       12       
P1079    61       20       5        
P1080    77       14       14       
P1081    1        42       99       
P1082    90       10       8        
P1083    69       85       22       
P1084    28       96       25       
P1085    20       60       13       
P1086    35       68       73       
P1087    36       91       6        
P1088    39       83       23       
P1089    62       93       34       
P1090    22       49       39       
P1091    99       40       65       
P1092    70       78       56       
P1093    23       55       57       
P1094    65       53       44       
P1095    85       82       92       
P1096    76       84       25       
P1097    100      34       76       
P1098    23       91       10       
P1099    34       66       12       
P1100    20       16       75       
P1101    68       6        77       
P1102    35       76       72       
P1103    3        66       7        
P1104    7        36       4        
P1105    92       59       41       
P1106    77       83       86       
P1107    35       3        56       
P1108    99       48       9        
P1109    80       8        2        
P1110    86       84       85       
P1111    96       37       70       
P1112    100      34       41       
P1113    19       85       62       
P1114    82       67       99       
P1115    73       23       83       
P1116    18       89       29       
P1117    36       46       50       
P1118    41       21       21       
P1119    48       6        47       
P1120    28       2        52       
P1121    83       86       21       
P1122    37       66       39       
P1123    56       13       72       
P1124    61       28       45       
P1125    58       85       45       
P1126    40       97       88       
P1127    80       39       29       
P1128    48       21       59       
P1129    28       11       40       
P1130    18       100      4        
P1131    67       14       67       
P1132    38       87       66       
P1133    60       9        12       
P1134    79       73       54       
P1135    44       66       1        
P1136    75       12       49       
P1137    44       81       10       
P1138    39       94       24       
P1139    7        74       35       
P1140    93       100      44       
P1141    70       62       13       
P1142    78       82       66       
P1143    6        86       62       
P1144    39       62       51       
P1145    76       58       42       
P1146    79       31       43       
P1147    14       53       39       
P1148    54       47       40       
P1149    84       17       53       
P1150    65       40       76       
P1151    85       1        82       
P1152    39       44       19       
P1153    70       76       26       
P1154    25       49       5        
P1155    41       81       3        
P1156    57       91       41       
P1157    53       55       51       
P1158    88       62       78       
P1159    72       71       38       
P1160    69       27       88       
P1161    66       55       46       
P1162    77       63       3        
P1163    11       73       88       
P1164    60       56       9        
P1165    24       59       14       
P1166    18       8        38       
P1167    65       31       51       
P1168    48       2        74       
P1169    89       58       8        
P1170    8        33       91       
P1171    69       59       36       
P1172    23       76       87       
P1173    34       95       43       
P1174    44       1        12       
P1175    71       56       56       
P1176    57       54       97       
P1177    1        17       10       
P1178    58       76       54       
P1179    24       39       48       
P1180    37       95       2        
P1181    85       10       98       
P1182    86       100      27       
P1183    22       40       34       
P1184    84       60       69       
P1185    63       55       36       
P1186    27       76       83       
P1187    54       41       61       
P1188    55       10       38       
P1189    61       69       21       
P1190    28       3        8        
P1191    34       46       65       
P1192    27       39       25       
P1193    52       63       52       
P1194    87       96       37       
P1195    26       42       8        
P1196    10       54       33       
P1197    54       73       17       
P1198    4        55       75       
P1199    99       74       61       
P1200    93       5        75       
P1201    70       41       28       
P1202    36       22       14       
P1203    12       25       74       
P1204    36       98       85       
P1205    39       49       9        
P1206    37       51       75       
P1207    32       87       18       
P1208    66       97       1        
P1209    85       41       11       
P1210    11       4        45       
P1211    39       26       49       
P1212    39       1        67       
P1213    47       31       21       
P1214    92       33       1        
P1215    60       54       56       
P1216    32       72       45       
P1217    47       66       81       
P1218    89       85       36       
P1219    96       45       2        
P1220    38       34       89       
P1221    35       55       8        
P1222    60       97       39       
P1223    53       100      60       
P1224    94       22       72       
P1225    81       19       27       
P1226    74       47       29       
P1227    64       18       94       
P1228    94       66       70       
P1229    98       57       68       
P1230    30       90       34       
P1231    6        19       62       
P1232    34       72       17       
P1233    56       47       5        
P1234    31       91       63       
P1235    46       72       65       
P1236    37       10       96       
P1237    11       38       57       
P1238    60       47       11       
P1239    53       3        46       
P1240    95       49       54       
P1241    76       23       93       
P1242    10       52       9        
P1243    43       33       39       
P1244    39       12       87       
P1245    57       10       86       
P1246    48       59       44       
P1247    6        1        64       
P1248    37       23       35       
P1249    9        6        57       
P1250    51       49       60       
P1251    77       91       10       
P1252    60       38       18       
P1253    14       61       13       
P1254    9        58       70       
P1255    30       53       21       
P1256    83       98       69       
P1257    74       50       49       
P1258    100      51       92       
P1259    5        40       34       
P1260    58       35       44       
P1261    90       21       58       
P1262    67       99       74       
P1263    85       6        3        
P1264    51       41       11       
P1265    13       52       63       
P1266    89       24       85       
P1267    58       57       54       
P1268    86       65       30       
P1269    28       13       33       
P1270    89       29       75       
P1271    13       36       1        
P1272    70       93       65       
P1273    39       23       47       
P1274    7        48       53       
P1275    88       41       25       
P1276    50       84       86       
P1277    1        54       89       
P1278    14       71       73       
P1279    2        23       6        
P1280    85       37       28       
P1281    42       26       93       
P1282    83       75       67       
P1283    50       42       46       
P1284    39       83       57       
P1285    45       48       26       
P1286    42       72       55       
P1287    48       41       26       
P1288    52       57       47       
P1289    69       25       58       
P1290    95       49       48       
P1291    94       48       48       
P1292    26       62       90       
P1293    36       36       29       
P1294    84       64       28       
P1295    65       35       88       
P1296    4        75       78       
P1297    31       47       96       
P1298    86       79       57       
P1299    56       44       84       
P1300    10       59       53       
P1301    50       10       87       
P1302    13       13       24       
P1303    97       69       39       
P1304    9        49       64       
P1305    1        61       73       
P1306    26       72       9        
P1307    83       33       75       
P1308    55       26       44       
P1309    69       31       30       
P1310    25       48       47       
P1311    12       94       37       
P1312    55       86       71       
P1313    48       7        21       
P1314    60       73       6        
P1315    100      95       69       
P1316    35       20       78       
P1317    47       23       25       
P1318    59       54       63       
P1319    24       12       43       
P1320    63       53       94       
P1321    29       20       53       
P1322    9        77       27       
P1323    93       59       65       
P1324    40       38       58       
P1325    41       74       32       
P1326    12       16       80       
P1327    85       34       81       
P1328    1        42       77       
P1329    50       93       49       
P1330    37       74       53       
P1331    3        43       7        
P1332    14       51       31       
P1333    59       65       13       
P1334    31       8        26       
P1335    52       28       4        
P1336    7        73       35       
P1337    6        4        12       
P1338    75       67       97       
P1339    10       73       73       
P1340    43       82       41       
P1341    38       25       82       
P1342    25       14       76       
P1343    73       32       22       
P1344    23       34       13       
P1345    29       53       92       
P1346    14       45       59       
P1347    1        40       35       
P1348    49       2        68       
P1349    69       93       29       
P1350    61       1        13       
P1351    38       85       98       
P1352    71       8        35       
P1353    86       94       23       
P1354    27       47       75       
P1355    39       48       56       
P1356    74       61       47       
P1357    97       27       62       
P1358    7        15       82       
P1359    98       31       42       
P1360    3        18       28       
P1361    92       70       21       
P1362    80       46       79       
P1363    61       37       79       
P1364    65       50       69       
P1365    17       59       81       
P1366    80       45       48       
P1367    19       20       39       
P1368    40       9        49       
P1369    75       56       56       
P1370    62       62       53       
P1371    14       62       28       
P1372    54       19       84       
P1373    60       93       63       
P1374    19       18       5        
P1375    97       46       33       
P1376    17       17       93       
P1377    20       88       26       
P1378    72       8        72       
P1379    6        84       25       
P1380    21       28       21       
P1381    51       36       25       
P1382    96       19       34       
P1383    77       50       85       
P1384    4        28       97       
P1385    85       20       60       
P1386    77       43       58       
P1387    28       4        13       
P1388    52       59       4        
P1389    95       96       65       
P1390    66       18       17       
P1391    35       89       98       
P1392    57       95       32       
P1393    15       41       42       
P1394    65       55       30       
P1395    29       23       93       
P1396    17       59       63       
P1397    74       34       49       
P1398    99       84       7        
P1399    61       32       69       
P1400    68       65       54       
P1401    46       95       12       
P1402    22       37       66       
P1403    19       12       7        
P1404    12       78       31       
P1405    2        9        30       
P1406    10       30       57       
P1407    35       84       94       
P1408    21       62       52       
P1409    26       75       96       
P1410    67       18       16       
P1411    80       28       86       
P1412    31       39       28       
P1413    20       72       23       
P1414    26       82       2        
P1415    77       85       61       
P1416    2        67       60       
P1417    53       22       42       
P1418    83       16       75       
P1419    77       38       73       
P1420    52       89       79       
P1421    13       83       48       
P1422    52       44       77       
P1423    89       98       78       
P1424    26       41       96       
P1425    2        11       28       
P1426    70       53       6        
P1427    55       59       48       
P1428    15       87       25       
P1429    20       92       60       
P1430    33       86       18       
P1431    31       85       26       
P1432    43       98       39       
P1433    93       42       13       
P1434    13       100      86       
P1435    6        97       42       
P1436    32       58       100      
P1437    5        59       55       
P1438    70       40       65       
P1439    47       30       45       
P1440    40       91       57       
P1441    37       62       14       
P1442    80       86       27       
P1443    25       43       62       
P1444    50       7        96       
P1445    89       47       37       
P1446    81       25       64       
P1447    23       52       30       
P1448    26       51       41       
P1449    18       27       40       
P1450    25       67       94       
P1451    96       58       19       
P1452    96       22       74       
P1453    73       90       18       
P1454    30       49       12       
P1455    87       36       94       
P1456    61       8        65       
P1457    25       36       16       
P1458    25       16       15       
P1459    35       24       60       
P1460    86       33       79       
P1461    27       52       81       
P1462    32       6        43       
P1463    20       48       62       
P1464    30       78       59       
P1465    64       48       22       
P1466    65       59       27       
P1467    77       99       89       
P1468    55       68       24       
P1469    53       78       71       
P1470    96       28       45       
P1471    34       4        81       
P1472    32       59       32       
P1473    59       11       35       
P1474    53       6        77       
P1475    99       38       89       
P1476    71       71       18       
P1477    43       46       81       
P1478    73       13       69       
P1479    35       97       52       
P1480    38       50       95       
P1481    4        76       36       
P1482    87       32       80       
P1483    18       73       3        
P1484    84       83       58       
P1485    64       16       41       
P1486    11       42       88       
P1487    6        25       34       
P1488    31       28       86       
P1489    49       43       69       
P1490    3        23       17       
P1491    77       11       6        
P1492    64       38       41       
P1493    77       42       82       
P1494    31       96       7        
P1495    57       87       61       
P1496    67       10       46       
P1497    45       55       75       
P1498    83       57       52       
P1499    45       94       41       
P1500    56       19       47       
P1501    38       17       12       
P1502    87       40       92       
P1503    24       38       99       
P1504    87       83       58       
P1505    16       32       84       
P1506    55       60       30       
P1507    24       16       24       
P1508    1        19       99       
P1509    83       98       98       
P1510    49       97       57       
P1511    20       77       94       
P1512    52       63       79       
P1513    24       85       62       
P1514    5        31       71       
P1515    88       26       37       
P1516    70       16       79       
P1517    54       73       52       
P1518    83       66       90       
P1519    37       15       38       
P1520    33       33       3        
P1521    57       53       68       
P1522    96       71       68       
P1523    69       75       13       
P1524    90       77       7        
P1525    80       78       26       
P1526    67       45       81       
P1527    85       79       14       
P1528    8        82       21       
P1529    58       76       34       
P1530    27       7        53       
P1531    83       97       89       
P1532    44       80       17       
P1533    52       27       71       
P1534    24       90       19       
P1535    12       91       63       
P1536    8        97       42       
P1537    58       46       28       
P1538    38       33       23       
P1539    46       89       94       
P1540    45       12       93       
P1541    44       46       52       
P1542    61       49       91       
P1543    75       96       9        
P1544    83       53       12       
P1545    53       21       91       
P1546    71       43       9        
P1547    76       78       2        
P1548    16       88       73       
P1549    98       89       3        
P1550    51       49       73       
P1551    45       15       17       
P1552    48       39       25       
P1553    25       89       17       
P1554    72       12       93       
P1555    47       81       25       
P1556    15       19       72       
P1557    49       81       85       
P1558    95       15       31       
P1559    41       100      66       
P1560    92       14       92       
P1561    22       95       20       
P1562    34       25       58       
P1563    49       68       69       
P1564    19       66       50       
P1565    30       61       9        
P1566    98       54       26       
P1567    71       57       81       
P1568    79       14       37       
P1569    15       88       32       
P1570    22       77       22       
P1571    67       22       15       
P1572    39       66       17       
P1573    81       94       10       
P1574    26       33       96       
P1575    31       10       61       
P1576    95       34       3        
P1577    91       45       19       
P1578    72       42       61       
P1579    80       28       65       
P1580    10       52       4        
P1581    10       45       6        
P1582    95       99       10       
P1583    62       45       76       
P1584    66       6        55       
P1585    50       13       87       
P1586    87       85       27       
P1587    19       4        10       
P1588    65       55       26       
P1589    84       9        54       
P1590    28       20       30       
P1591    13       22       33       
P1592    87       55       53       
P1593    50       43       8        
P1594    66       19       80       
P1595    61       96       30       
P1596    73       10       70       
P1597    45       40       100      
P1598    21       90       48       
P1599    60       34       100      
P1600    48       94       77       
P1601    90       11       75       
P1602    51       55       85       
P1603    53       34       48       
P1604    19       100      99       
P1605    41       50       78       
P1606    35       98       4        
P1607    60       3        74       
P1608    92       29       71       
P1609    15       93       93       
P1610    90       42       3        
P1611    58       68       42       
P1612    46       15       20       
P1613    40       79       21       
P1614    61       5        73       
P1615    7        77       31       
P1616    25       38       26       
P1617    86       91       78       
P1618    85       84       65       
P1619    5        12       17       
P1620    53       50       63       
P1621    37       40       31       
P1622    84       4        81       
P1623    40       13       51       
P1624    33       55       86       
P1625    4        93       95       
P1626    59       88       49       
P1627    5        8        31       
P1628    61       43       53       
P1629    89       97       18       
P1630    10       32       50       
P1631    87       24       29       
P1632    56       81       45       
P1633    44       19       10       
P1634    89       8        19       
P1635    38       90       75       
P1636    44       71       11       
P1637    65       78       79       
P1638    29       59       98       
P1639    36       67       20       
P1640    46       2        92       
P1641    72       40       5        
P1642    83       19       39       
P1643    60       79       1        
P1644    61       85       97       
P1645    8        89       84       
P1646    99       17       33       
P1647    60       27       1        
P1648    48       80       29       
P1649    51       79       71       
P1650    78       51       45       
P1651    10       74       1        
P1652    22       3        13       
P1653    27       37       7        
P1654    42       45       14       
P1655    54       96       23       
P1656    95       47       35       
P1657    10       69       44       
P1658    91       69       99       
P1659    95       5        80       
P1660    99       22       99       
P1661    22       23       37       
P1662    4        7        40       
P1663    2        45       48       
P1664    1        39       27       
P1665    83       39       20       
P1666    91       44       40       
P1667    76       81       47       
P1668    75       66       37       
P1669    13       39       37       
P1670    3        8        55       
P1671    76       17       30       
P1672    22       29       87       
P1673    98       51       28       
P1674    36       99       77       
P1675    36       8        99       
P1676    14       72       62       
P1677    80       50       67       
P1678    57       70       39       
P1679    66       54       84       
P1680    67       6        97       
P1681    9        98       34       
P1682    41       7        39       
P1683    20       97       2        
P1684    70       11       62       
P1685    35       24       18       
P1686    31       89       98       
P1687    60       9        78       
P1688    59       15       95       
P1689    48       94       37       
P1690    41       26       5        
P1691    49       25       49       
P1692    1        23       55       
P1693    24       54       75       
P1694    80       19       25       
P1695    11       34       25       
P1696    77       24       95       
P1697    29       48       22       
P1698    95       95       64       
P1699    26       7        9        
P1700    27       17       36       
P1701    16       51       100      
P1702    77       14       99       
P1703    67       55       21       
P1704    90       49       31       
P1705    85       57       82       
P1706    41       92       61       
P1707    32       56       87       
P1708    91       49       97       
P1709    79       18       58       
P1710    90       49       43       
P1711    69       80       90       
P1712    30       85       41       
P1713    46       28       82       
P1714    76       31       1        
P1715    8        6        1        
P1716    14       46       71       
P1717    5        65       8        
P1718    6        27       48       
P1719    50       22       56       
P1720    55       48       38       
P1721    16       41       58       
P1722    85       71       95       
P1723    89       35       79       
P1724    69       5        79       
P1725    22       98       58       
P1726    73       49       2        
P1727    86       95       48       
P1728    35       29       1        
P1729    41       18       71       
P1730    12       1        28       
P1731    84       57       51       
P1732    89       46       22       
P1733    20       12       24       
P1734    68       28       49       
P1735    55       63       17       
P1736    48       92       49       
P1737    42       76       86       
P1738    34       76       32       
P1739    18       66       82       
P1740    61       99       60       
P1741    12       81       1        
P1742    54       68       88       
P1743    84       48       36       
P1744    46       97       29       
P1745    68       29       88       
P1746    81       1        72       
P1747    10       48       68       
P1748    77       31       100      
P1749    61       40       1        
P1750    4        76       30       
P1751    67       49       9        
P1752    18       96       37       
P1753    84       61       100      
P1754    30       60       77       
P1755    54       37       37       
P1756    36       24       41       
P1757    57       7        68       
P1758    8        92       27       
P1759    56       60       76       
P1760    15       28       38       
P1761    36       24       64       
P1762    17       5        18       
P1763    17       74       91       
P1764    77       6        45       
P1765    83       81       49       
P1766    3        66       82       
P1767    76       59       34       
P1768    11       81       44       
P1769    16       61       89       
P1770    23       57       13       
P1771    72       42       54       
P1772    24       43       1        
P1773    28       47       44       
P1774    62       30       23       
P1775    39       73       34       
P1776    21       55       78       
P1777    34       40       91       
P1778    2        31       49       
P1779    10       39       53       
P1780    20       82       9        
P1781    99       57       41       
P1782    67       39       53       
P1783    95       28       81       
P1784    4        17       79       
P1785    47       43       26       
P1786    74       96       63       
P1787    59       67       51       
P1788    77       45       66       
P1789    29       1        75       
P1790    84       4        19       
P1791    28       21       62       
P1792    65       58       54       
P1793    85       19       25       
P1794    59       48       24       
P1795    63       15       64       
P1796    90       32       7        
P1797    30       18       19       
P1798    39       20       30       
P1799    11       13       91       
P1800    75       72       64       
P1801    39       91       86       
P1802    28       31       72       
P1803    13       29       93       
P1804    39       20       46       
P1805    94       73       91       
P1806    49       67       72       
P1807    35       25       91       
P1808    21       21       87       
P1809    73       18       20       
P1810    37       2        75       
P1811    21       72       4        
P1812    55       12       34       
P1813    30       89       32       
P1814    14       72       88       
P1815    4        36       51       
P1816    81       57       25       
P1817    86       79       69       
P1818    67       16       70       
P1819    10       1        82       
P1820    41       48       79       
P1821    74       69       89       
P1822    25       5        55       
P1823    87       94       22       
P1824    13       20       40       
P1825    72       23       13       
P1826    46       46       25       
P1827    61       23       59       
P1828    61       22       94       
P1829    13       51       10       
P1830    35       47       44       
P1831    47       38       46       
P1832    88       77       34       
P1833    84       16       66       
P1834    1        40       57       
P1835    60       86       82       
P1836    51       43       64       
P1837    36       65       66       
P1838    83       100      6        
P1839    20       30       57       
P1840    37       8        24       
P1841    76       82       98       
P1842    67       6        2        
P1843    73       31       27       
P1844    85       81       95       
P1845    7        79       50       
P1846    83       91       56       
P1847    15       94       64       
P1848    49       38       70       
P1849    67       5        93       
P1850    34       32       16       
P1851    42       60       9        
P1852    72       60       22       
P1853    43       69       49       
P1854    28       48       35       
P1855    88       43       92       
P1856    96       40       76       
P1857    41       31       64       
P1858    23       27       97       
P1859    79       18       66       
P1860    98       12       23       
P1861    63       32       2        
P1862    28       2        5        
P1863    53       46       33       
P1864    51       100      41       
P1865    62       41       100      
P1866    2        50       100      
P1867    51       2        98       
P1868    99       59       67       
P1869    64       5        2        
P1870    17       8        50       
P1871    5        1        66       
P1872    21       21       14       
P1873    75       5        18       
P1874    100      47       10       
P1875    16       22       92       
P1876    39       4        99       
P1877    50       79       7        
P1878    46       16       21       
P1879    75       64       68       
P1880    93       22       90       
P1881    100      76       17       
P1882    11       20       7        
P1883    94       16       24       
P1884    97       10       88       
P1885    49       87       91       
P1886    16       4        50       
P1887    76       40       39       
P1888    68       40       42       
P1889    81       68       15       
P1890    12       55       72       
P1891    85       57       56       
P1892    89       15       2        
P1893    61       34       95       
P1894    44       85       88       
P1895    45       69       72       
P1896    78       77       33       
P1897    25       77       49       
P1898    82       94       5        
P1899    57       4        76       
P1900    28       74       83       
P1901    55       76       1        
P1902    27       15       39       
P1903    11       90       15       
P1904    21       34       88       
P1905    50       23       7        
P1906    28       56       15       
P1907    60       95       59       
P1908    29       86       8        
P1909    3        5        35       
P1910    67       76       50       
P1911    53       31       75       
P1912    63       27       42       
P1913    49       89       82       
P1914    43       79       90       
P1915    100      39       31       
P1916    97       53       13       
P1917    52       6        98       
P1918    17       53       9        
P1919    39       88       93       
P1920    31       74       43       
P1921    15       2        18       
P1922    49       17       91       
P1923    7        64       77       
P1924    73       34       36       
P1925    47       71       37       
P1926    38       36       38       
P1927    2        47       17       
P1928    35       72       71       
P1929    37       90       12       
P1930    95       84       9        
P1931    34       41       96       
P1932    74       56       8        
P1933    77       50       40       
P1934    63       53       31       
P1935    93       93       51       
P1936    42       89       59       
P1937    73       71       2        
P1938    55       62       66       
P1939    90       38       62       
P1940    98       42       29       
P1941    37       73       22       
P1942    99       34       48       
P1943    88       58       56       
P1944    41       87       97       
P1945    32       55       67       
P1946    27       26       73       
P1947    91       28       95       
P1948    12       93       57       
P1949    28       6        72       
P1950    80       48       28       
P1951    92       73       80       
P1952    4        20       51       
P1953    67       8        56       
P1954    88       34       88       
P1955    33       85       90       
P1956    42       94       2        
P1957    97       29       84       
P1958    99       100      75       
P1959    44       80       38       
P1960    29       26       31       
P1961    87       77       66       
P1962    71       32       2        
P1963    6        20       42       
P1964    5        34       90       
P1965    66       63       35       
P1966    39       39       96       
P1967    68       34       48       
P1968    10       12       22       
P1969    25       54       70       
P1970    45       21       93       
P1971    63       14       15       
P1972    7        41       77       
P1973    45       3        20       
P1974    70       83       47       
P1975    69       67       1        
P1976    30       48       32       
P1977    79       15       84       
P1978    98       2        8        
P1979    51       88       7        
P1980    57       12       63       
P1981    33       80       40       
P1982    57       76       22       
P1983    4        37       57       
P1984    35       32       93       
P1985    98       11       26       
P1986    28       46       9        
P1987    19       6        14       
P1988    14       31       43       
P1989    35       51       20       
P1990    93       84       23       
P1991    56       52       93       
P1992    40       9        80       
P1993    2        73       71       
P1994    36       49       98       
P1995    84       17       71       
P1996    88       20       45       
P1997    89       19       15       
P1998    3        40       26       
P1999    32       73       60       
P2000    3        69       94       
P2001    97       36       36       
P2002    22       61       38       
P2003    33       79       65       
P2004    88       98       25       
P2005    27       52       2        
P2006    94       49       62       
P2007    63       57       36       
P2008    30       57       2        
P2009    97       49       47       
P2010    31       80       20       
P2011    64       17       3        
P2012    29       27       33       
P2013    82       2        50       
P2014    82       49       16       
P2015    46       69       55       
P2016    81       20       81       
P2017    62       2        39       
P2018    93       16       33       
P2019    13       43       9        
P2020    67       80       62       
P2021    24       49       74       
P2022    32       28       85       
P2023    62       66       23       
P2024    48       82       42       
P2025    82       8        62       
P2026    76       92       4        
P2027    38       49       1        
P2028    60       45       44       
P2029    64       39       26       
P2030    18       64       66       
P2031    79       22       4        
P2032    36       26       62       
P2033    34       65       96       
P2034    57       34       44       
P2035    14       70       72       
P2036    52       26       93       
P2037    11       15       38       
P2038    6        42       66       
P2039    60       87       50       
P2040    49       1        71       
P2041    62       37       97       
P2042    2        31       23       
P2043    58       51       31       
P2044    44       41       70       
P2045    36       38       26       
P2046    37       47       5        
P2047    70       77       60       
P2048    16       10       36       
P2049    69       87       76       
P2050    66       54       24       
P2051    47       51       72       
P2052    97       57       71       
P2053    82       64       80       
P2054    99       85       78       
P2055    49       4        43       
P2056    37       9        33       
P2057    24       19       99       
P2058    100      45       40       
P2059    71       95       87       
P2060    72       61       41       
P2061    25       6        50       
P2062    84       68       16       
P2063    64       28       68       
P2064    69       41       18       
P2065    91       72       69       
P2066    56       19       19       
P2067    60       38       45       
P2068    64       4        58       
P2069    69       16       81       
P2070    83       42       31       
P2071    96       71       46       
P2072    76       78       28       
P2073    91       18       24       
P2074    58       29       75       
P2075    9        28       92       
P2076    77       100      73       
P2077    51       2        23       
P2078    34       75       71       
P2079    45       82       34       
P2080    54       96       73       
P2081    87       35       68       
P2082    69       74       62       
P2083    1        2        25       
P2084    18       75       65       
P2085    23       90       95       
P2086    26       42       93       
P2087    6        40       12       
P2088    80       78       55       
P2089    2        25       63       
P2090    48       4        51       
P2091    11       55       82       
P2092    45       5        62       
P2093    85       36       81       
P2094    2        35       52       
P2095    5        97       99       
P2096    18       44       67       
P2097    32       45       3        
P2098    21       53       11       
P2099    33       67       47       
P2100    64       41       82       
P2101    76       51       67       
P2102    59       75       24       
P2103    24       95       10       
P2104    65       19       100      
P2105    91       33       28       
P2106    53       39       59       
P2107    81       7        65       
P2108    25       40       35       
P2109    27       60       3        
P2110    36       32       23       
P2111    39       70       22       
P2112    17       32       12       
P2113    34       33       40       
P2114    56       9        95       
P2115    31       93       58       
P2116    96       30       94       
P2117    87       69       55       
P2118    34       27       100      
P2119    92       88       81       
P2120    12       26       69       
P2121    10       71       2        
P2122    56       81       27       
P2123    26       6        60       
P2124    43       73       40       
P2125    87       41       84       
P2126    87       53       25       
P2127    38       55       27       
P2128    83       5        60       
P2129    65       86       75       
P2130    73       96       13       
P2131    8        54       94       
P2132    55       60       65       
P2133    9        28       13       
P2134    77       51       34       
P2135    51       37       12       
P2136    10       48       8        
P2137    66       81       77       
P2138    89       61       67       
P2139    66       69       15       
P2140    39       58       53       
P2141    87       7        81       
P2142    67       2        32       
P2143    23       41       63       
P2144    95       52       2        
P2145    80       83       3        
P2146    56       59       39       
P2147    65       55       71       
P2148    35       93       8        
P2149    92       39       37       
P2150    50       37       64       
P2151    32       90       51       
P2152    4        11       81       
P2153    8        57       23       
P2154    60       23       22       
P2155    76       16       8        
P2156    1        64       28       
P2157    64       93       52       
P2158    68       90       24       
P2159    72       44       94       
P2160    33       71       6        
P2161    90       37       9        
P2162    57       35       11       
P2163    28       94       98       
P2164    6        26       85       
P2165    24       59       41       
P2166    30       73       41       
P2167    6        87       61       
P2168    98       29       27       
P2169    81       7        13       
P2170    60       35       63       
P2171    84       96       72       
P2172    45       53       13       
P2173    36       12       77       
P2174    96       90       28       
P2175    18       17       75       
P2176    71       31       38       
P2177    81       94       38       
P2178    29       3        39       
P2179    63       48       58       
P2180    28       57       96       
P2181    56       46       71       
P2182    98       50       48       
P2183    93       7        78       
P2184    86       54       22       
P2185    2        94       38       
P2186    52       7        62       
P2187    97       99       38       
P2188    44       91       24       
P2189    97       16       3        
P2190    40       59       64       
P2191    67       98       93       
P2192    10       30       51       
P2193    56       98       28       
P2194    79       76       91       
P2195    39       88       44       
P2196    49       51       73       
P2197    5        1        61       
P2198    41       14       84       
P2199    93       66       12       
P2200    93       73       29       
P2201    14       43       59       
P2202    84       89       75       
P2203    75       76       10       
P2204    36       10       92       
P2205    18       37       19       
P2206    54       95       12       
P2207    15       21       92       
P2208    81       29       73       
P2209    91       30       68       
P2210    100      91       86       
P2211    53       17       53       
P2212    63       1        51       
P2213    68       17       39       
P2214    23       84       42       
P2215    72       91       98       
P2216    93       76       85       
P2217    66       23       76       
P2218    24       77       69       
P2219    37       97       75       
P2220    80       45       45       
P2221    48       59       27       
P2222    55       59       95       
P2223    90       18       59       
P2224    88       97       50       
P2225    70       59       21       
P2226    8        97       76       
P2227    100      27       43       
P2228    39       82       17       
P2229    7        96       7        
P2230    75       8        52       
P2231    47       22       7        
P2232    43       66       75       
P2233    19       100      1        
P2234    2        50       40       
P2235    75       20       96       
P2236    91       85       10       
P2237    33       16       99       
P2238    38       65       19       
P2239    95       29       91       
P2240    26       29       66       
P2241    12       54       58       
P2242    39       49       32       
P2243    72       22       79       
P2244    24       38       83       
P2245    60       53       91       
P2246    37       3        7        
P2247    36       42       2        
P2248    22       87       33       
P2249    31       72       45       
P2250    87       29       70       
P2251    48       6        89       
P2252    53       91       27       
P2253    73       80       58       
P2254    70       78       78       
P2255    33       60       6        
P2256    98       74       49       
P2257    13       10       51       
P2258    4        75       94       
P2259    14       72       47       
P2260    41       71       72       
P2261    48       6        40       
P2262    99       25       85       
P2263    57       51       28       
P2264    41       7        5        
P2265    32       95       95       
P2266    38       55       73       
P2267    24       88       7        
P2268    28       45       35       
P2269    17       63       90       
P2270    43       96       91       
P2271    6        52       60       
P2272    40       45       61       
P2273    39       71       28       
P2274    46       18       65       
P2275    86       77       77       
P2276    94       75       53       
P2277    40       20       37       
P2278    82       97       78       
P2279    62       36       87       
P2280    23       84       46       
P2281    2        89       100      
P2282    99       26       66       
P2283    7        97       95       
P2284    26       52       86       
P2285    10       5        10       
P2286    72       41       100      
P2287    17       84       28       
P2288    64       80       44       
P2289    63       35       30       
P2290    26       58       25       
P2291    19       54       73       
P2292    39       91       64       
P2293    74       10       65       
P2294    74       48       42       
P2295    50       41       76       
P2296    29       68       69       
P2297    23       32       90       
P2298    16       8        25       
P2299    82       93       18       
P2300    68       10       55       
P2301    89       76       10       
P2302    73       69       13       
P2303    2        96       91       
P2304    57       36       23       
P2305    28       8        81       
P2306    47       45       97       
P2307    20       88       53       
P2308    42       81       53       
P2309    19       63       15       
P2310    40       56       52       
P2311    73       53       1        
P2312    50       64       49       
P2313    18       25       46       
P2314    22       13       31       
P2315    24       6        6        
P2316    95       37       86       
P2317    13       69       34       
P2318    10       70       23       
P2319    86       18       90       
P2320    46       59       83       
P2321    74       92       76       
P2322    68       53       53       
P2323    66       61       96       
P2324    100      62       3        
P2325    90       32       96       
P2326    38       70       36       
P2327    2        7        83       
P2328    73       29       49       
P2329    70       74       74       
P2330    40       5        90       
P2331    33       82       69       
P2332    7        49       13       
P2333    86       94       44       
P2334    49       19       12       
P2335    90       67       47       
P2336    16       94       80       
P2337    8        70       81       
P2338    77       80       100      
P2339    14       19       73       
P2340    20       63       23       
P2341    94       79       31       
P2342    55       3        93       
P2343    94       84       52       
P2344    69       21       13       
P2345    27       40       46       
P2346    17       22       47       
P2347    84       46       72       
P2348    26       13       54       
P2349    99       16       37       
P2350    63       15       52       
P2351    59       66       44       
P2352    13       63       23       
P2353    22       91       42       
P2354    45       26       38       
P2355    19       62       48       
P2356    49       79       66       
P2357    7        44       3        
P2358    82       82       83       
P2359    95       51       73       
P2360    87       62       41       
P2361    5        22       38       
P2362    38       97       31       
P2363    58       55       16       
P2364    80       70       27       
P2365    84       33       84       
P2366    82       46       94       
P2367    28       82       33       
P2368    81       67       94       
P2369    70       9        77       
P2370    32       97       91       
P2371    81       13       5        
P2372    47       66       90       
P2373    41       99       11       
P2374    18       91       32       
P2375    29       59       31       
P2376    2        13       7        
P2377    49       96       49       
P2378    33       65       48       
P2379    83       64       24       
P2380    77       97       16       
P2381    80       74       29       
P2382    71       80       30       
P2383    73       51       70       
P2384    95       56       72       
P2385    29       84       23       
P2386    48       47       13       
P2387    50       48       77       
P2388    93       67       22       
P2389    43       79       1        
P2390    51       44       10       
P2391    6        100      65       
P2392    9        55       12       
P2393    26       28       10       
P2394    53       65       1        
P2395    19       81       72       
P2396    32       16       96       
P2397    3        82       46       
P2398    33       62       64       
P2399    88       85       93       
P2400    92       23       39       
P2401    14       12       5        
P2402    27       45       37       
P2403    95       58       51       
P2404    48       30       56       
P2405    52       31       57       
P2406    13       34       78       
P2407    25       16       36       
P2408    84       79       6        
P2409    61       71       18       
P2410    88       62       92       
P2411    34       77       6        
P2412    20       61       10       
P2413    91       12       21       
P2414    31       47       90       
P2415    59       3        39       
P2416    30       34       57       
P2417    81       61       97       
P2418    35       73       41       
P2419    39       31       88       
P2420    78       65       97       
P2421    24       95       5        
P2422    95       12       90       
P2423    42       65       92       
P2424    43       32       10       
P2425    63       7        23       
P2426    15       1        58       
P2427    45       19       100      
P2428    94       16       3        
P2429    51       11       66       
P2430    13       84       45       
P2431    35       88       7        
P2432    93       54       79       
P2433    36       1        72       
P2434    96       12       61       
P2435    2        47       13       
P2436    70       41       15       
P2437    83       79       39       
P2438    57       86       19       
P2439    10       25       17       
P2440    76       18       15       
P2441    78       37       26       
P2442    27       20       18       
P2443    87       20       98       
P2444    65       59       86       
P2445    70       68       61       
P2446    18       54       52       
P2447    42       53       32       
P2448    57       36       22       
P2449    69       28       24       
P2450    4        4        46       
P2451    90       96       68       
P2452    18       97       56       
P2453    91       34       61       
P2454    14       59       30       
P2455    56       3        90       
P2456    39       53       32       
P2457    75       56       25       
P2458    50       33       52       
P2459    60       54       36       
P2460    55       33       65       
P2461    35       74       45       
P2462    6        91       50       
P2463    89       87       23       
P2464    73       52       41       
P2465    5        97       14       
P2466    49       5        45       
P2467    24       79       58       
P2468    79       82       1        
P2469    45       99       87       
P2470    77       27       83       
P2471    49       92       15       
P2472    16       8        33       
P2473    80       87       41       
P2474    38       56       2        
P2475    95       49       41       
P2476    82       58       22       
P2477    39       20       60       
P2478    77       25       7        
P2479    57       92       49       
P2480    72       68       96       
P2481    13       61       5        
P2482    17       87       8        
P2483    39       7        45       
P2484    25       29       63       
P2485    48       87       16       
P2486    67       20       39       
P2487    67       75       59       
P2488    54       35       9        
P2489    74       51       39       
P2490    20       56       14       
P2491    57       1        36       
P2492    95       16       11       
P2493    92       46       37       
P2494    81       52       75       
P2495    69       50       44       
P2496    94       89       57       
P2497    96       95       1        
P2498    95       34       53       
P2499    11       63       83       
P2500    56       15       40       
P2501    15       92       96       
P2502    70       39       57       
P2503    42       6        33       
P2504    73       91       96       
P2505    55       25       38       
P2506    44       94       25       
P2507    11       13       98       
P2508    11       32       31       
P2509    19       31       68       
P2510    79       30       17       
P2511    25       61       26       
P2512    43       94       30       
P2513    22       53       75       
P2514    68       91       31       
P2515    14       31       8        
P2516    4        2        45       
P2517    50       94       5        
P2518    50       7        85       
P2519    52       63       51       
P2520    97       68       5        
P2521    25       3        22       
P2522    11       80       19       
P2523    34       1        65       
P2524    14       4        59       
P2525    6        51       15       
P2526    78       9        87       
P2527    36       77       31       
P2528    38       69       20       
P2529    49       21       54       
P2530    58       73       95       
P2531    81       6        94       
P2532    96       80       61       
P2533    77       41       13       
P2534    79       84       45       
P2535    32       92       41       
P2536    28       61       65       
P2537    16       59       61       
P2538    35       66       29       
P2539    29       91       62       
P2540    86       41       49       
P2541    58       77       40       
P2542    52       39       83       
P2543    22       61       66       
P2544    99       64       32       
P2545    75       12       63       
P2546    82       32       24       
P2547    75       8        24       
P2548    7        7        12       
P2549    26       59       18       
P2550    40       60       48       
P2551    38       100      21       
P2552    35       85       73       
P2553    59       17       17       
P2554    36       55       97       
P2555    9        28       6        
P2556    63       82       94       
P2557    60       53       16       
P2558    35       32       87       
P2559    89       36       76       
P2560    20       24       9        
P2561    89       27       4        
P2562    86       79       56       
P2563    56       96       61       
P2564    89       23       61       
P2565    47       69       80       
P2566    96       73       93       
P2567    8        20       13       
P2568    8        13       63       
P2569    54       68       91       
P2570    42       100      76       
P2571    50       88       59       
P2572    53       39       88       
P2573    91       54       36       
P2574    81       71       92       
P2575    98       6        3        
P2576    66       11       7        
P2577    92       62       1        
P2578    63       62       1        
P2579    70       90       33       
P2580    82       21       67       
P2581    8        15       2        
P2582    88       80       67       
P2583    31       26       62       
P2584    8        58       9        
P2585    32       73       93       
P2586    95       26       72       
P2587    4        85       11       
P2588    91       33       64       
P2589    32       56       10       
P2590    94       72       63       
P2591    36       18       39       
P2592    100      90       61       
P2593    75       87       20       
P2594    55       60       33       
P2595    38       54       99       
P2596    16       65       46       
P2597    64       6        28       
P2598    50       6        99       
P2599    61       6        2        
P2600    17       75       86       
P2601    33       9        27       
P2602    64       51       1        
P2603    99       51       95       
P2604    76       31       80       
P2605    11       66       76       
P2606    74       46       78       
P2607    84       21       43       
P2608    78       15       30       
P2609    90       50       68       
P2610    83       65       56       
P2611    35       74       7        
P2612    4        71       9        
P2613    76       16       37       
P2614    98       14       11       
P2615    31       45       50       
P2616    8        3        11       
P2617    88       22       97       
P2618    52       72       94       
P2619    16       62       73       
P2620    65       2        97       
P2621    100      89       63       
P2622    91       42       19       
P2623    99       69       43       
P2624    82       27       23       
P2625    59       59       57       
P2626    17       39       69       
P2627    77       39       29       
P2628    28       96       25       
P2629    74       71       57       
P2630    56       68       99       
P2631    95       56       48       
P2632    55       22       71       
P2633    34       46       26       
P2634    55       68       80       
P2635    58       40       50       
P2636    96       75       41       
P2637    23       46       28       
P2638    49       89       9        
P2639    42       66       30       
P2640    38       4        50       
P2641    55       97       68       
P2642    10       24       96       
P2643    70       52       59       
P2644    93       23       52       
P2645    70       60       70       
P2646    95       46       11       
P2647    91       77       69       
P2648    39       9        85       
P2649    72       85       30       
P2650    59       63       53       
P2651    90       35       39       
P2652    86       4        81       
P2653    21       94       13       
P2654    13       45       98       
P2655    91       87       58       
P2656    31       67       7        
P2657    73       68       64       
P2658    16       57       96       
P2659    87       36       54       
P2660    15       24       2        
P2661    31       9        39       
P2662    59       22       83       
P2663    48       89       26       
P2664    74       84       46       
P2665    4        82       92       
P2666    73       59       25       
P2667    9        68       94       
P2668    61       51       35       
P2669    8        53       44       
P2670    48       27       47       
P2671    80       41       2        
P2672    49       58       10       
P2673    13       66       30       
P2674    27       76       49       
P2675    91       11       76       
P2676    59       53       18       
P2677    29       34       71       
P2678    26       61       12       
P2679    71       25       62       
P2680    61       26       71       
P2681    35       73       91       
P2682    12       53       83       
P2683    76       28       1        
P2684    6        40       7        
P2685    99       41       46       
P2686    20       85       84       
P2687    11       5        10       
P2688    73       54       26       
P2689    22       9        44       
P2690    48       34       34       
P2691    86       12       62       
P2692    98       4        96       
P2693    83       94       90       
P2694    34       68       77       
P2695    77       25       66       
P2696    91       100      73       
P2697    87       50       72       
P2698    27       91       48       
P2699    38       54       97       
P2700    15       46       81       
P2701    77       6        84       
P2702    59       4        62       
P2703    87       33       13       
P2704    58       69       54       
P2705    24       71       78       
P2706    56       97       39       
P2707    10       99       2        
P2708    92       22       48       
P2709    19       78       83       
P2710    64       66       78       
P2711    50       91       34       
P2712    15       87       52       
P2713    45       28       45       
P2714    95       99       58       
P2715    24       58       11       
P2716    96       50       93       
P2717    29       53       24       
P2718    13       70       83       
P2719    20       32       59       
P2720    98       73       59       
P2721    65       39       11       
P2722    80       22       3        
P2723    65       35       25       
P2724    36       41       77       
P2725    80       4        13       
P2726    25       51       17       
P2727    9        31       70       
P2728    29       38       70       
P2729    51       65       91       
P2730    22       82       17       
P2731    47       91       18       
P2732    49       9        29       
P2733    72       43       88       
P2734    65       64       2        
P2735    75       8        81       
P2736    50       82       99       
P2737    50       89       39       
P2738    95       31       22       
P2739    7        96       53       
P2740    61       54       50       
P2741    6        36       90       
P2742    76       97       33       
P2743    32       45       5        
P2744    76       77       16       
P2745    55       95       59       
P2746    95       9        9        
P2747    25       56       46       
P2748    33       93       57       
P2749    96       14       77       
P2750    59       93       93       
P2751    1        26       95       
P2752    29       94       71       
P2753    90       78       65       
P2754    78       53       72       
P2755    51       30       88       
P2756    7        98       72       
P2757    16       33       86       
P2758    61       30       100      
P2759    26       1        59       
P2760    19       66       57       
P2761    85       85       40       
P2762    40       78       57       
P2763    39       70       89       
P2764    88       51       25       
P2765    63       12       80       
P2766    58       84       49       
P2767    79       9        32       
P2768    70       51       92       
P2769    25       83       14       
P2770    30       49       7        
P2771    23       27       30       
P2772    85       20       48       
P2773    74       64       48       
P2774    63       34       96       
P2775    86       53       11       
P2776    43       30       8        
P2777    11       45       58       
P2778    34       14       48       
P2779    94       11       81       
P2780    9        53       65       
P2781    33       72       39       
P2782    86       65       14       
P2783    7        88       76       
P2784    10       90       61       
P2785    82       17       31       
P2786    68       90       87       
P2787    10       76       58       
P2788    52       100      84       
P2789    53       43       32       
P2790    81       1        46       
P2791    52       33       4        
P2792    75       80       1        
P2793    8        76       28       
P2794    46       44       59       
P2795    45       80       75       
P2796    20       37       55       
P2797    4        47       32       
P2798    39       39       61       
P2799    76       27       2        
P2800    51       93       90       
P2801    32       63       46       
P2802    59       85       76       
P2803    72       12       92       
P2804    53       88       78       
P2805    29       82       81       
P2806    56       42       92       
P2807    8        97       96       
P2808    98       96       27       
P2809    60       100      58       
P2810    94       80       16       
P2811    81       42       60       
P2812    27       15       95       
P2813    29       39       100      
P2814    67       66       75       
P2815    93       82       75       
P2816    73       6        1        
P2817    47       13       68       
P2818    87       22       86       
P2819    1        6        63       
P2820    58       26       39       
P2821    57       57       59       
P2822    14       36       3        
P2823    60       36       39       
P2824    32       40       62       
P2825    88       42       50       
P2826    8        12       75       
P2827    83       3        19       
P2828    40       22       53       
P2829    67       61       96       
P2830    3        41       94       
P2831    21       23       41       
P2832    92       21       64       
P2833    88       70       92       
P2834    88       73       39       
P2835    63       38       56       
P2836    1        75       80       
P2837    41       31       81       
P2838    63       68       76       
P2839    65       26       55       
P2840    61       21       66       
P2841    15       93       2        
P2842    65       29       63       
P2843    85       94       96       
P2844    16       31       76       
P2845    19       32       55       
P2846    37       60       12       
P2847    17       20       44       
P2848    30       72       64       
P2849    8        18       29       
P2850    43       97       80       
P2851    12       43       88       
P2852    98       57       95       
P2853    28       75       91       
P2854    55       60       82       
P2855    9        51       18       
P2856    3        90       77       
P2857    30       64       43       
P2858    93       93       37       
P2859    8        50       93       
P2860    85       7        60       
P2861    86       51       8        
P2862    34       71       78       
P2863    70       18       55       
P2864    17       53       75       
P2865    24       43       43       
P2866    27       50       83       
P2867    73       73       48       
P2868    100      65       2        
P2869    27       18       20       
P2870    21       24       25       
P2871    22       21       77       
P2872    6        91       56       
P2873    22       83       42       
P2874    5        58       39       
P2875    9        62       48       
P2876    32       100      68       
P2877    58       50       3        
P2878    73       24       65       
P2879    87       73       39       
P2880    42       81       45       
P2881    10       99       54       
P2882    33       27       33       
P2883    47       39       71       
P2884    92       4        29       
P2885    60       50       92       
P2886    36       96       52       
P2887    100      84       42       
P2888    62       22       49       
P2889    68       34       22       
P2890    95       76       41       
P2891    39       26       49       
P2892    98       7        48       
P2893    95       88       57       
P2894    93       92       74       
P2895    53       26       29       
P2896    34       54       94       
P2897    92       96       96       
P2898    29       11       28       
P2899    12       58       74       
P2900    8        17       68       
P2901    91       79       22       
P2902    5        27       35       
P2903    22       4        30       
P2904    34       8        89       
P2905    64       16       71       
P2906    99       26       90       
P2907    83       42       28       
P2908    74       83       95       
P2909    73       56       74       
P2910    90       25       77       
P2911    52       67       72       
P2912    51       2        1        
P2913    75       65       98       
P2914    3        4        5        
P2915    42       59       50       
P2916    51       60       65       
P2917    11       20       95       
P2918    18       20       81       
P2919    17       56       87       
P2920    87       100      51       
P2921    29       72       52       
P2922    65       65       15       
P2923    42       41       36       
P2924    92       91       73       
P2925    67       24       5        
P2926    88       44       61       
P2927    31       76       87       
P2928    11       25       73       
P2929    64       50       34       
P2930    78       34       7        
P2931    61       28       45       
P2932    22       60       37       
P2933    25       78       55       
P2934    95       68       97       
P2935    82       68       42       
P2936    98       2        2        
P2937    25       73       85       
P2938    39       23       18       
P2939    14       55       100      
P2940    51       35       9        
P2941    21       48       79       
P2942    93       83       1        
P2943    36       72       10       
P2944    51       25       67       
P2945    77       99       18       
P2946    22       51       96       
P2947    49       91       65       
P2948    80       9        67       
P2949    70       63       78       
P2950    100      68       40       
P2951    35       35       100      
P2952    16       76       86       
P2953    2        77       8        
P2954    86       52       16       
P2955    68       67       1        
P2956    47       27       63       
P2957    86       23       69       
P2958    49       68       13       
P2959    67       68       49       
P2960    8        96       9        
P2961    37       20       50       
P2962    38       49       50       
P2963    65       75       70       
P2964    53       9        31       
P2965    32       51       75       
P2966    40       79       28       
P2967    5        96       36       
P2968    29       7        90       
P2969    61       29       59       
P2970    13       7        11       
P2971    2        48       45       
P2972    95       32       50       
P2973    46       70       41       
P2974    69       79       25       
P2975    2        54       14       
P2976    29       72       15       
P2977    43       79       21       
P2978    13       41       43       
P2979    27       81       38       
P2980    55       58       11       
P2981    49       50       82       
P2982    31       93       2        
P2983    18       48       95       
P2984    95       90       94       
P2985    21       58       51       
P2986    60       45       22       
P2987    9        51       93       
P2988    51       98       86       
P2989    36       5        9        
P2990    46       30       43       
P2991    22       2        54       
P2992    82       73       33       
P2993    49       96       79       
P2994    40       85       63       
P2995    54       72       20       
P2996    35       29       16       
P2997    14       18       35       
P2998    32       100      72       
P2999    16       94       10       
P3000    35       9        38       
P3001    49       94       6        
P3002    93       39       67       
P3003    35       18       74       
P3004    25       52       46       
P3005    7        12       14       
P3006    10       28       40       
P3007    70       63       72       
P3008    13       89       38       
P3009    62       27       79       
P3010    30       78       28       
P3011    14       95       87       
P3012    79       63       81       
P3013    36       77       51       
P3014    6        38       94       
P3015    39       65       74       
P3016    7        82       96       
P3017    65       2        60       
P3018    17       15       47       
P3019    69       17       42       
P3020    31       76       86       
P3021    20       42       90       
P3022    7        12       23       
P3023    19       18       36       
P3024    83       66       65       
P3025    59       23       78       
P3026    14       61       92       
P3027    62       70       35       
P3028    16       71       86       
P3029    21       76       49       
P3030    94       40       4        
P3031    82       13       50       
P3032    84       91       5        
P3033    12       13       37       
P3034    51       31       51       
P3035    8        76       59       
P3036    34       1        9        
P3037    69       27       69       
P3038    25       30       83       
P3039    77       65       63       
P3040    84       86       7        
P3041    72       15       62       
P3042    88       69       45       
P3043    5        69       63       
P3044    49       37       13       
P3045    54       88       81       
P3046    30       11       9        
P3047    66       89       34       
P3048    12       4        91       
P3049    70       82       28       
P3050    50       12       82       
P3051    84       62       66       
P3052    16       18       62       
P3053    40       27       74       
P3054    67       82       64       
P3055    24       87       97       
P3056    93       41       54       
P3057    60       8        3        
P3058    55       99       35       
P3059    11       18       63       
P3060    58       96       43       
P3061    25       100      82       
P3062    98       66       29       
P3063    96       100      16       
P3064    56       76       7        
P3065    79       1        13       
P3066    75       75       100      
P3067    71       10       53       
P3068    46       55       66       
P3069    33       52       74       
P3070    21       9        30       
P3071    19       46       73       
P3072    60       61       11       
P3073    16       4        15       
P3074    50       100      57       
P3075    5        66       51       
P3076    57       64       75       
P3077    28       31       61       
P3078    25       73       55       
P3079    86       7        59       
P3080    63       96       24       
P3081    96       30       3        
P3082    75       46       43       
P3083    61       61       32       
P3084    13       68       72       
P3085    58       10       46       
P3086    74       74       31       
P3087    9        31       29       
P3088    47       41       92       
P3089    30       48       5        
P3090    86       85       47       
P3091    71       31       97       
P3092    67       27       20       
P3093    100      46       34       
P3094    68       14       55       
P3095    62       77       62       
P3096    51       66       53       
P3097    44       79       53       
P3098    40       98       44       
P3099    27       57       38       
P3100    4        35       87       
P3101    100      6        45       
P3102    86       38       92       
P3103    75       23       48       
P3104    11       100      1        
P3105    10       66       89       
P3106    34       97       28       
P3107    36       34       58       
P3108    42       3        14       
P3109    38       62       25       
P3110    38       63       72       
P3111    8        89       100      
P3112    70       55       62       
P3113    68       65       96       
P3114    9        69       79       
P3115    78       6        45       
P3116    35       29       2        
P3117    74       45       55       
P3118    37       30       67       
P3119    71       69       10       
P3120    33       29       97       
P3121    8        35       52       
P3122    17       100      88       
P3123    24       82       91       
P3124    75       41       65       
P3125    72       38       94       
P3126    25       61       17       
P3127    58       94       86       
P3128    94       100      38       
P3129    37       63       14       
P3130    56       61       89       
P3131    40       72       4        
P3132    97       56       2        
P3133    77       69       70       
P3134    81       100      94       
P3135    66       56       81       
P3136    91       34       57       
P3137    39       57       93       
P3138    38       49       99       
P3139    87       86       20       
P3140    81       94       72       
P3141    100      62       34       
P3142    10       9        95       
P3143    79       5        82       
P3144    23       23       5        
P3145    21       92       3        
P3146    65       59       4        
P3147    98       94       51       
P3148    66       97       94       
P3149    34       83       15       
P3150    11       9        2        
P3151    29       24       18       
P3152    100      79       96       
P3153    50       92       29       
P3154    78       48       19       
P3155    20       18       68       
P3156    92       97       54       
P3157    39       84       52       
P3158    77       22       44       
P3159    67       69       62       
P3160    56       90       91       
P3161    77       81       99       
P3162    57       64       10       
P3163    86       40       67       
P3164    93       99       56       
P3165    7        97       37       
P3166    82       55       75       
P3167    95       97       100      
P3168    2        50       8        
P3169    6        28       90       
P3170    7        60       16       
P3171    58       45       49       
P3172    54       54       95       
P3173    18       78       28       
P3174    76       72       69       
P3175    48       68       10       
P3176    33       65       34       
P3177    60       87       73       
P3178    94       74       16       
P3179    29       81       20       
P3180    13       62       66       
P3181    88       28       40       
P3182    93       47       61       
P3183    96       85       46       
P3184    74       45       86       
P3185    37       92       76       
P3186    18       61       22       
P3187    14       31       61       
P3188    35       20       67       
P3189    50       8        33       
P3190    26       17       56       
P3191    47       4        84       
P3192    69       59       51       
P3193    1        16       25       
P3194    73       95       12       
P3195    93       8        57       
P3196    15       67       69       
P3197    89       46       66       
P3198    40       12       88       
P3199    71       94       48       
P3200    79       78       77       
P3201    27       16       89       
P3202    30       73       85       
P3203    77       23       22       
P3204    56       19       16       
P3205    27       58       4        
P3206    81       50       69       
P3207    82       75       85       
P3208    36       62       48       
P3209    39       73       86       
P3210    19       3        73       
P3211    71       41       76       
P3212    5        17       51       
P3213    6        41       72       
P3214    94       9        27       
P3215    64       29       18       
P3216    45       45       33       
P3217    67       39       68       
P3218    33       50       43       
P3219    65       86       96       
P3220    75       69       3        
P3221    48       55       70       
P3222    91       46       100      
P3223    94       28       88       
P3224    57       21       6        
P3225    64       8        75       
P3226    30       45       93       
P3227    97       96       40       
P3228    40       21       70       
P3229    84       72       81       
P3230    43       17       21       
P3231    73       98       34       
P3232    86       25       69       
P3233    67       84       73       
P3234    97       66       49       
P3235    40       57       37       
P3236    12       80       99       
P3237    12       6        72       
P3238    51       53       24       
P3239    26       28       86       
P3240    20       52       56       
P3241    36       72       97       
P3242    16       26       57       
P3243    93       17       21       
P3244    30       89       21       
P3245    33       56       5        
P3246    66       38       86       
P3247    4        58       58       
P3248    4        2        93       
P3249    98       92       22       
P3250    71       17       5        
P3251    43       50       16       
P3252    66       77       4        
P3253    48       27       57       
P3254    97       6        45       
P3255    54       73       52       
P3256    72       95       5        
P3257    62       35       6        
P3258    49       72       78       
P3259    34       29       36       
P3260    35       21       81       
P3261    52       40       18       
P3262    39       21       6        
P3263    74       59       55       
P3264    80       26       59       
P3265    60       14       4        
P3266    17       5        55       
P3267    67       15       57       
P3268    86       22       81       
P3269    37       62       66       
P3270    1        69       30       
P3271    39       80       3        
P3272    25       92       89       
P3273    70       33       75       
P3274    44       91       51       
P3275    53       46       65       
P3276    99       75       36       
P3277    84       59       1        
P3278    30       78       31       
P3279    57       93       14       
P3280    51       56       92       
P3281    46       8        89       
P3282    68       80       20       
P3283    47       35       81       
P3284    13       28       61       
P3285    97       50       64       
P3286    26       96       99       
P3287    4        23       90       
P3288    26       65       35       
P3289    47       23       37       
P3290    22       62       64       
P3291    33       99       95       
P3292    94       22       94       
P3293    24       13       1        
P3294    57       25       22       
P3295    29       67       80       
P3296    75       11       96       
P3297    44       47       94       
P3298    34       51       58       
P3299    71       79       7        
P3300    29       4        36       
P3301    81       70       8        
P3302    96       32       91       
P3303    46       70       38       
P3304    7        95       16       
P3305    42       67       23       
P3306    85       93       4        
P3307    4        30       67       
P3308    29       10       32       
P3309    54       97       86       
P3310    29       62       53       
P3311    78       30       81       
P3312    10       51       65       
P3313    34       19       90       
P3314    72       59       100      
P3315    49       54       72       
P3316    64       29       81       
P3317    84       39       41       
P3318    22       16       9        
P3319    42       98       59       
P3320    92       91       81       
P3321    32       4        5        
P3322    25       8        62       
P3323    12       56       23       
P3324    35       28       47       
P3325    66       39       62       
P3326    45       75       10       
P3327    79       12       48       
P3328    73       71       63       
P3329    23       22       40       
P3330    91       3        19       
P3331    90       95       77       
P3332    46       79       96       
P3333    78       71       20       
P3334    31       24       86       
P3335    26       60       9        
P3336    59       51       52       
P3337    75       100      22       
P3338    61       86       62       
P3339    26       4        68       
P3340    32       71       21       
P3341    54       22       15       
P3342    100      89       34       
P3343    99       1        44       
P3344    13       6        81       
P3345    13       24       32       
P3346    19       20       53       
P3347    84       14       12       
P3348    58       89       89       
P3349    93       22       66       
P3350    76       26       32       
P3351    52       17       55       
P3352    44       97       86       
P3353    20       80       90       
P3354    14       69       32       
P3355    72       62       27       
P3356    2        32       67       
P3357    56       90       21       
P3358    58       90       89       
P3359    80       4        37       
P3360    25       98       76       
P3361    75       1        6        
P3362    66       47       95       
P3363    9        87       62       
P3364    68       71       35       
P3365    2        8        24       
P3366    83       56       3        
P3367    24       1        20       
P3368    72       42       49       
P3369    41       52       67       
P3370    14       8        19       
P3371    59       69       18       
P3372    68       21       90       
P3373    17       22       47       
P3374    66       3        35       
P3375    82       62       91       
P3376    84       51       38       
P3377    70       28       40       
P3378    40       69       84       
P3379    62       36       49       
P3380    76       11       54       
P3381    35       7        73       
P3382    8        71       67       
P3383    69       38       50       
P3384    24       19       51       
P3385    7        13       11       
P3386    56       59       46       
P3387    29       45       7        
P3388    60       26       30       
P3389    31       74       74       
P3390    12       30       56       
P3391    87       36       97       
P3392    99       76       56       
P3393    62       29       51       
P3394    42       45       51       
P3395    73       2        22       
P3396    21       78       44       
P3397    66       48       6        
P3398    95       9        84       
P3399    44       1        33       
P3400    46       2        67       
P3401    68       25       39       
P3402    22       64       1        
P3403    3        44       43       
P3404    80       58       5        
P3405    27       69       44       
P3406    95       80       31       
P3407    12       8        25       
P3408    48       25       88       
P3409    6        87       77       
P3410    13       79       15       
P3411    58       31       3        
P3412    6        47       70       
P3413    32       3        60       
P3414    26       78       88       
P3415    18       24       87       
P3416    43       77       83       
P3417    57       87       48       
P3418    61       72       32       
P3419    11       92       8        
P3420    49       89       47       
P3421    82       19       26       
P3422    87       51       59       
P3423    100      9        42       
P3424    7        41       6        
P3425    27       89       91       
P3426    42       70       41       
P3427    76       12       70       
P3428    42       55       59       
P3429    70       97       16       
P3430    27       97       43       
P3431    53       31       2        
P3432    81       49       32       
P3433    97       45       41       
P3434    34       73       22       
P3435    87       30       10       
P3436    20       22       28       
P3437    15       59       29       
P3438    40       65       84       
P3439    100      49       28       
P3440    40       24       33       
P3441    67       100      80       
P3442    68       46       36       
P3443    28       60       23       
P3444    15       90       82       
P3445    90       32       53       
P3446    96       76       13       
P3447    66       42       15       
P3448    9        55       38       
P3449    11       52       70       
P3450    68       61       27       
P3451    91       11       73       
P3452    37       14       12       
P3453    59       14       39       
P3454    40       38       9        
P3455    8        21       20       
P3456    61       97       18       
P3457    39       90       47       
P3458    72       54       43       
P3459    27       46       80       
P3460    90       52       95       
P3461    94       99       28       
P3462    48       22       69       
P3463    39       16       24       
P3464    73       14       13       
P3465    10       12       46       
P3466    26       4        21       
P3467    25       78       32       
P3468    62       26       69       
P3469    39       25       26       
P3470    76       89       79       
P3471    7        83       26       
P3472    31       4        52       
P3473    32       64       32       
P3474    3        86       6        
P3475    72       42       56       
P3476    76       4        22       
P3477    6        52       34       
P3478    7        71       22       
P3479    94       93       78       
P3480    87       9        9        
P3481    4        2        9        
P3482    96       30       97       
P3483    79       39       66       
P3484    79       92       51       
P3485    44       77       30       
P3486    23       98       83       
P3487    59       1        89       
P3488    54       44       69       
P3489    77       20       91       
P3490    54       4        4        
P3491    71       83       78       
P3492    3        73       42       
P3493    13       80       33       
P3494    85       44       61       
P3495    67       89       87       
P3496    98       68       4        
P3497    70       72       97       
P3498    70       42       94       
P3499    62       36       80       
P3500    8        1        18       
P3501    73       86       46       
P3502    88       68       39       
P3503    100      48       16       
P3504    80       57       98       
P3505    1        63       2        
P3506    36       58       37       
P3507    2        69       34       
P3508    20       32       66       
P3509    72       22       22       
P3510    85       65       8        
P3511    5        70       84       
P3512    35       91       55       
P3513    32       81       68       
P3514    71       70       96       
P3515    96       83       79       
P3516    24       28       69       
P3517    78       46       27       
P3518    67       64       97       
P3519    12       44       15       
P3520    52       22       58       
P3521    13       91       18       
P3522    25       54       80       
P3523    78       76       100      
P3524    50       79       82       
P3525    92       17       98       
P3526    18       97       24       
P3527    33       4        91       
P3528    89       73       60       
P3529    62       23       23       
P3530    6        49       54       
P3531    11       1        58       
P3532    34       92       100      
P3533    78       78       19       
P3534    95       74       1        
P3535    56       66       89       
P3536    12       27       85       
P3537    51       88       73       
P3538    100      36       41       
P3539    18       34       22       
P3540    68       87       30       
P3541    19       62       16       
P3542    33       65       15       
P3543    48       87       45       
P3544    35       26       28       
P3545    24       59       44       
P3546    75       2        75       
P3547    71       87       29       
P3548    87       57       30       
P3549    49       20       23       
P3550    8        6        71       
P3551    75       88       27       
P3552    45       3        82       
P3553    83       78       73       
P3554    93       66       96       
P3555    70       84       81       
P3556    83       74       88       
P3557    59       63       17       
P3558    84       23       66       
P3559    84       66       11       
P3560    4        59       46       
P3561    20       13       4        
P3562    45       81       51       
P3563    6        28       66       
P3564    81       87       19       
P3565    34       5        56       
P3566    25       28       25       
P3567    10       62       59       
P3568    100      74       29       
P3569    37       76       86       
P3570    31       98       87       
P3571    36       12       66       
P3572    100      80       61       
P3573    53       80       70       
P3574    68       84       75       
P3575    46       53       96       
P3576    37       76       49       
P3577    43       14       24       
P3578    1        31       10       
P3579    14       92       67       
P3580    97       48       82       
P3581    29       91       40       
P3582    39       78       80       
P3583    73       40       53       
P3584    76       15       92       
P3585    63       9        3        
P3586    30       29       46       
P3587    25       79       13       
P3588    29       49       76       
P3589    10       77       1        
P3590    63       5        46       
P3591    65       47       44       
P3592    1        92       85       
P3593    91       7        91       
P3594    33       64       27       
P3595    77       74       69       
P3596    17       93       71       
P3597    8        35       21       
P3598    31       73       58       
P3599    64       84       44       
P3600    77       94       81       
P3601    11       30       65       
P3602    89       61       45       
P3603    64       92       84       
P3604    16       84       37       
P3605    76       73       47       
P3606    85       89       79       
P3607    44       56       22       
P3608    95       14       61       
P3609    21       2        45       
P3610    33       26       85       
P3611    51       33       89       
P3612    86       16       77       
P3613    45       75       8        
P3614    51       39       36       
P3615    58       52       5        
P3616    33       58       5        
P3617    26       18       17       
P3618    84       14       16       
P3619    97       74       44       
P3620    37       16       19       
P3621    28       79       82       
P3622    94       12       29       
P3623    47       91       90       
P3624    79       55       22       
P3625    75       1        60       
P3626    61       44       53       
P3627    62       22       78       
P3628    70       95       44       
P3629    85       64       34       
P3630    52       14       41       
P3631    54       41       1        
P3632    25       71       85       
P3633    30       19       21       
P3634    86       4        25       
P3635    6        81       80       
P3636    63       63       53       
P3637    4        51       55       
P3638    24       48       88       
P3639    74       96       27       
P3640    80       8        9        
P3641    62       96       90       
P3642    7        46       97       
P3643    96       7        20       
P3644    37       42       19       
P3645    34       73       21       
P3646    44       74       49       
P3647    89       47       39       
P3648    40       32       32       
P3649    51       67       2        
P3650    95       3        45       
P3651    5        24       26       
P3652    14       84       18       
P3653    10       9        55       
P3654    65       94       87       
P3655    35       6        13       
P3656    46       28       92       
P3657    89       19       32       
P3658    16       58       57       
P3659    14       4        69       
P3660    67       4        42       
P3661    70       25       59       
P3662    25       97       18       
P3663    69       90       14       
P3664    82       54       53       
P3665    96       59       26       
P3666    90       61       58       
P3667    38       99       57       
P3668    66       7        52       
P3669    75       100      38       
P3670    70       13       33       
P3671    19       73       43       
P3672    21       35       72       
P3673    15       88       84       
P3674    23       33       100      
P3675    95       33       67       
P3676    71       37       80       
P3677    24       91       28       
P3678    91       5        29       
P3679    99       42       86       
P3680    50       5        13       
P3681    71       84       71       
P3682    55       94       5        
P3683    84       78       16       
P3684    65       41       44       
P3685    80       99       26       
P3686    24       41       99       
P3687    40       52       93       
P3688    95       39       35       
P3689    11       28       47       
P3690    92       2        27       
P3691    34       13       3        
P3692    93       100      41       
P3693    16       4        64       
P3694    33       52       72       
P3695    49       98       87       
P3696    39       53       83       
P3697    76       58       25       
P3698    29       6        20       
P3699    20       55       62       
P3700    28       39       31       
P3701    40       91       83       
P3702    83       49       19       
P3703    23       90       1        
P3704    36       1        35       
P3705    91       18       30       
P3706    65       21       4        
P3707    82       60       86       
P3708    72       10       72       
P3709    15       91       14       
P3710    55       27       16       
P3711    3        58       31       
P3712    69       90       85       
P3713    20       67       15       
P3714    28       24       24       
P3715    16       31       29       
P3716    66       22       24       
P3717    74       9        54       
P3718    72       40       82       
P3719    91       32       9        
P3720    4        31       96       
P3721    76       17       100      
P3722    31       84       39       
P3723    37       41       30       
P3724    16       61       16       
P3725    30       71       29       
P3726    5        66       92       
P3727    45       52       35       
P3728    64       61       72       
P3729    95       51       62       
P3730    91       84       51       
P3731    89       84       30       
P3732    66       49       7        
P3733    14       88       28       
P3734    29       10       90       
P3735    75       89       42       
P3736    79       83       65       
P3737    30       77       93       
P3738    45       52       28       
P3739    75       27       89       
P3740    56       41       50       
P3741    79       48       33       
P3742    69       89       56       
P3743    34       45       30       
P3744    7        37       83       
P3745    20       90       15       
P3746    33       21       90       
P3747    60       67       82       
P3748    44       24       54       
P3749    20       24       35       
P3750    81       92       71       
P3751    59       52       10       
P3752    15       42       42       
P3753    97       26       28       
P3754    86       83       97       
P3755    78       66       100      
P3756    27       24       69       
P3757    30       57       94       
P3758    44       24       2        
P3759    65       84       91       
P3760    45       50       46       
P3761    82       55       44       
P3762    47       6        19       
P3763    75       63       90       
P3764    92       25       6        
P3765    86       75       92       
P3766    90       55       14       
P3767    47       12       18       
P3768    84       46       18       
P3769    13       74       85       
P3770    38       47       28       
P3771    80       34       25       
P3772    54       97       72       
P3773    7        78       3        
P3774    24       72       35       
P3775    51       44       70       
P3776    11       99       84       
P3777    71       2        27       
P3778    60       65       67       
P3779    15       43       1        
P3780    4        22       1        
P3781    17       7        5        
P3782    78       40       20       
P3783    81       86       64       
P3784    51       31       29       
P3785    36       26       66       
P3786    57       80       18       
P3787    79       30       53       
P3788    87       52       58       
P3789    6        34       59       
P3790    34       36       53       
P3791    18       61       47       
P3792    27       37       32       
P3793    74       17       20       
P3794    94       42       17       
P3795    7        51       96       
P3796    9        60       93       
P3797    64       52       7        
P3798    74       9        46       
P3799    50       1        9        
P3800    77       60       59       
P3801    43       81       89       
P3802    98       61       24       
P3803    83       50       45       
P3804    54       62       16       
P3805    80       37       63       
P3806    57       33       29       
P3807    3        47       25       
P3808    93       28       87       
P3809    7        58       29       
P3810    67       39       72       
P3811    43       78       76       
P3812    54       73       51       
P3813    26       74       20       
P3814    31       100      83       
P3815    88       44       3        
P3816    31       6        38       
P3817    48       94       50       
P3818    36       43       69       
P3819    22       97       55       
P3820    99       22       21       
P3821    16       67       52       
P3822    4        85       62       
P3823    4        73       67       
P3824    72       84       67       
P3825    11       10       53       
P3826    57       98       16       
P3827    85       12       3        
P3828    14       86       48       
P3829    55       3        73       
P3830    48       22       18       
P3831    13       10       59       
P3832    21       3        47       
P3833    48       93       29       
P3834    67       23       96       
P3835    3        78       53       
P3836    26       9        48       
P3837    82       42       4        
P3838    58       60       64       
P3839    6        14       33       
P3840    77       21       44       
P3841    46       39       80       
P3842    43       36       100      
P3843    67       21       50       
P3844    54       68       18       
P3845    15       81       92       
P3846    24       92       12       
P3847    69       96       82       
P3848    94       63       97       
P3849    29       93       46       
P3850    15       44       2        
P3851    13       50       100      
P3852    97       17       80       
P3853    92       46       29       
P3854    65       44       41       
P3855    50       2        43       
P3856    78       100      98       
P3857    67       38       44       
P3858    62       19       51       
P3859    50       87       75       
P3860    7        46       47       
P3861    100      53       54       
P3862    68       17       52       
P3863    67       24       35       
P3864    4        17       7        
P3865    60       67       86       
P3866    99       54       97       
P3867    79       79       82       
P3868    12       30       10       
P3869    1        95       4        
P3870    70       39       18       
P3871    59       25       95       
P3872    23       88       4        
P3873    27       76       90       
P3874    33       44       54       
P3875    11       31       80       
P3876    47       92       64       
P3877    40       52       33       
P3878    94       93       9        
P3879    11       27       55       
P3880    81       34       93       
P3881    44       12       95       
P3882    54       74       41       
P3883    83       85       76       
P3884    82       95       68       
P3885    88       9        70       
P3886    13       78       69       
P3887    37       21       50       
P3888    64       2        77       
P3889    56       49       68       
P3890    38       41       16       
P3891    64       15       93       
P3892    8        13       25       
P3893    36       81       62       
P3894    55       82       18       
P3895    88       16       26       
P3896    35       44       2        
P3897    76       74       15       
P3898    8        35       57       
P3899    25       76       7        
P3900    16       8        15       
P3901    44       46       66       
P3902    2        96       11       
P3903    98       88       34       
P3904    76       18       22       
P3905    34       43       67       
P3906    95       59       1        
P3907    7        36       89       
P3908    57       1        91       
P3909    57       7        87       
P3910    65       78       15       
P3911    71       65       92       
P3912    97       31       98       
P3913    27       75       84       
P3914    40       47       58       
P3915    31       31       33       
P3916    97       56       41       
P3917    62       78       59       
P3918    69       68       83       
P3919    28       87       25       
P3920    54       100      69       
P3921    73       30       50       
P3922    49       52       70       
P3923    40       81       68       
P3924    48       10       60       
P3925    100      75       29       
P3926    44       10       29       
P3927    30       84       24       
P3928    40       14       36       
P3929    83       31       50       
P3930    99       17       86       
P3931    52       81       84       
P3932    52       56       83       
P3933    72       6        1        
P3934    61       30       72       
P3935    28       90       64       
P3936    30       80       39       
P3937    44       14       17       
P3938    30       8        38       
P3939    6        57       9        
P3940    2        77       16       
P3941    5        11       6        
P3942    76       27       81       
P3943    13       98       29       
P3944    91       94       4        
P3945    60       42       95       
P3946    11       93       69       
P3947    3        27       21       
P3948    100      1        55       
P3949    35       95       73       
P3950    64       49       31       
P3951    44       66       20       
P3952    96       15       94       
P3953    10       34       37       
P3954    43       83       82       
P3955    83       44       48       
P3956    91       97       83       
P3957    43       95       99       
P3958    28       75       40       
P3959    78       61       25       
P3960    81       65       30       
P3961    69       98       4        
P3962    44       27       43       
P3963    36       63       21       
P3964    82       49       10       
P3965    29       39       95       
P3966    20       73       89       
P3967    88       61       47       
P3968    79       40       10       
P3969    72       81       49       
P3970    10       57       30       
P3971    22       97       44       
P3972    36       99       91       
P3973    85       62       42       
P3974    31       48       41       
P3975    32       86       68       
P3976    45       3        64       
P3977    39       36       44       
P3978    98       37       7        
P3979    42       61       27       
P3980    60       65       50       
P3981    63       67       98       
P3982    7        50       100      
P3983    20       43       83       
P3984    19       68       38       
P3985    72       32       2        
P3986    68       19       74       
P3987    23       53       46       
P3988    99       20       93       
P3989    100      21       89       
P3990    46       72       8        
P3991    67       66       12       
P3992    61       23       51       
P3993    51       91       71       
P3994    31       28       8        
P3995    80       21       95       
P3996    22       96       88       
P3997    91       13       83       
P3998    61       70       50       
P3999    4        55       28       
P4000    86       52       11       
P4001    10       50       81       
P4002    62       32       34       
P4003    34       5        19       
P4004    55       41       4        
P4005    89       34       24       
P4006    23       82       56       
P4007    100      21       15       
P4008    93       38       78       
P4009    18       58       48       
P4010    96       86       6        
P4011    100      26       43       
P4012    60       1        26       
P4013    38       67       91       
P4014    29       74       75       
P4015    33       66       81       
P4016    13       73       60       
P4017    90       85       12       
P4018    100      20       88       
P4019    74       90       68       
P4020    14       48       88       
P4021    38       77       93       
P4022    6        66       81       
P4023    18       17       91       
P4024    91       54       32       
P4025    40       85       27       
P4026    56       5        37       
P4027    78       92       17       
P4028    82       44       5        
P4029    26       40       33       
P4030    59       95       62       
P4031    13       62       39       
P4032    75       46       51       
P4033    19       82       61       
P4034    100      58       80       
P4035    98       64       77       
P4036    89       31       11       
P4037    28       30       34       
P4038    83       40       46       
P4039    94       67       75       
P4040    94       3        13       
P4041    63       91       74       
P4042    14       82       84       
P4043    61       89       14       
P4044    82       61       87       
P4045    47       89       41       
P4046    35       81       47       
P4047    94       79       27       
P4048    72       88       33       
P4049    4        61       76       
P4050    43       98       79       
P4051    74       98       80       
P4052    44       92       54       
P4053    62       16       12       
P4054    41       67       30       
P4055    30       89       68       
P4056    74       69       44       
P4057    4        64       7        
P4058    3        58       51       
P4059    25       43       23       
P4060    32       54       4        
P4061    93       97       88       
P4062    47       11       10       
P4063    37       48       100      
P4064    7        80       49       
P4065    94       68       92       
P4066    63       90       82       
P4067    50       35       38       
P4068    40       82       52       
P4069    44       90       85       
P4070    3        27       18       
P4071    94       3        100      
P4072    37       83       93       
P4073    74       28       31       
P4074    33       19       76       
P4075    73       23       27       
P4076    31       88       32       
P4077    84       10       66       
P4078    76       39       78       
P4079    64       33       61       
P4080    51       60       63       
P4081    2        59       22       
P4082    88       100      66       
P4083    57       38       46       
P4084    79       17       96       
P4085    96       45       46       
P4086    54       42       72       
P4087    97       38       83       
P4088    27       75       3        
P4089    47       22       48       
P4090    47       54       64       
P4091    29       22       2        
P4092    44       41       15       
P4093    93       58       2        
P4094    12       67       34       
P4095    76       46       14       
P4096    12       60       22       
P4097    99       6        51       
P4098    70       94       19       
P4099    54       93       98       
P4100    21       62       22       
P4101    23       35       9        
P4102    100      41       17       
P4103    3        51       54       
P4104    8        84       94       
P4105    53       89       75       
P4106    87       34       62       
P4107    44       3        98       
P4108    54       90       43       
P4109    95       63       47       
P4110    100      40       90       
P4111    46       46       39       
P4112    70       64       93       
P4113    53       76       53       
P4114    57       24       11       
P4115    97       85       72       
P4116    61       22       86       
P4117    11       67       79       
P4118    17       51       43       
P4119    23       19       34       
P4120    63       62       78       
P4121    78       45       21       
P4122    66       35       46       
P4123    18       2        92       
P4124    16       70       96       
P4125    30       9        34       
P4126    11       81       17       
P4127    93       52       54       
P4128    68       64       45       
P4129    70       5        77       
P4130    7        12       95       
P4131    26       50       90       
P4132    91       46       3        
P4133    10       31       14       
P4134    77       52       62       
P4135    18       93       33       
P4136    72       7        45       
P4137    54       69       73       
P4138    97       51       47       
P4139    86       62       3        
P4140    45       4        98       
P4141    68       95       29       
P4142    68       57       67       
P4143    33       80       65       
P4144    53       50       60       
P4145    56       44       77       
P4146    80       48       54       
P4147    36       100      36       
P4148    94       8        20       
P4149    1        1        4        
P4150    91       10       82       
P4151    25       69       91       
P4152    47       73       92       
P4153    24       10       55       
P4154    99       11       28       
P4155    52       42       83       
P4156    13       96       41       
P4157    68       5        8        
P4158    47       60       28       
P4159    25       10       76       
P4160    81       83       66       
P4161    88       89       75       
P4162    84       93       54       
P4163    27       35       21       
P4164    75       35       89       
P4165    49       24       21       
P4166    47       23       46       
P4167    46       43       88       
P4168    30       40       34       
P4169    84       29       77       
P4170    83       57       41       
P4171    51       63       3        
P4172    89       94       11       
P4173    5        62       22       
P4174    79       61       62       
P4175    97       25       82       
P4176    4        68       99       
P4177    47       50       3        
P4178    78       77       21       
P4179    52       29       93       
P4180    28       90       78       
P4181    32       12       75       
P4182    84       64       94       
P4183    74       73       88       
P4184    30       100      70       
P4185    5        64       57       
P4186    37       31       34       
P4187    75       71       15       
P4188    50       8        68       
P4189    26       26       64       
P4190    48       56       66       
P4191    31       4        48       
P4192    17       56       86       
P4193    72       77       32       
P4194    42       57       41       
P4195    19       19       95       
P4196    56       4        54       
P4197    95       68       84       
P4198    45       51       25       
P4199    20       91       32       
P4200    93       96       16       
P4201    23       57       100      
P4202    29       25       38       
P4203    91       38       17       
P4204    53       55       48       
P4205    84       52       96       
P4206    94       25       71       
P4207    21       91       79       
P4208    76       84       63       
P4209    7        24       47       
P4210    32       42       62       
P4211    35       11       76       
P4212    73       22       16       
P4213    1        41       5        
P4214    15       80       15       
P4215    75       69       7        
P4216    7        22       71       
P4217    1        8        36       
P4218    13       39       68       
P4219    15       8        43       
P4220    93       29       50       
P4221    53       72       66       
P4222    51       69       88       
P4223    72       82       41       
P4224    27       57       57       
P4225    82       78       49       
P4226    18       59       23       
P4227    39       58       5        
P4228    28       1        96       
P4229    2        81       5        
P4230    48       38       75       
P4231    27       98       21       
P4232    61       57       51       
P4233    52       21       98       
P4234    62       24       92       
P4235    54       88       73       
P4236    10       28       90       
P4237    19       82       69       
P4238    40       99       82       
P4239    41       67       24       
P4240    7        85       71       
P4241    26       63       16       
P4242    36       65       39       
P4243    20       71       88       
P4244    69       76       78       
P4245    71       88       47       
P4246    96       71       52       
P4247    88       62       24       
P4248    72       37       43       
P4249    81       78       3        
P4250    92       46       14       
P4251    56       45       14       
P4252    35       12       91       
P4253    33       8        26       
P4254    99       24       6        
P4255    27       100      45       
P4256    75       33       85       
P4257    62       95       37       
P4258    94       57       15       
P4259    51       81       34       
P4260    81       48       76       
P4261    52       6        58       
P4262    51       66       95       
P4263    28       48       78       
P4264    46       28       20       
P4265    90       100      30       
P4266    12       64       1        
P4267    84       92       76       
P4268    56       92       45       
P4269    35       86       23       
P4270    65       53       50       
P4271    10       42       73       
P4272    71       91       35       
P4273    83       86       15       
P4274    3        72       90       
P4275    70       48       77       
P4276    57       89       79       
P4277    60       82       51       
P4278    63       67       30       
P4279    36       40       97       
P4280    41       100      71       
P4281    12       57       51       
P4282    44       41       45       
P4283    14       27       79       
P4284    64       37       39       
P4285    90       36       68       
P4286    89       100      92       
P4287    33       97       30       
P4288    66       64       4        
P4289    69       49       25       
P4290    39       17       71       
P4291    91       15       70       
P4292    99       22       26       
P4293    46       80       64       
P4294    74       23       5        
P4295    42       61       97       
P4296    36       50       18       
P4297    9        18       41       
P4298    74       1        24       
P4299    29       82       97       
P4300    14       52       69       
P4301    67       78       92       
P4302    2        67       84       
P4303    76       10       73       
P4304    95       25       60       
P4305    15       51       95       
P4306    61       32       66       
P4307    19       15       47       
P4308    61       93       17       
P4309    62       10       27       
P4310    57       82       9        
P4311    100      3        88       
P4312    56       67       42       
P4313    38       14       32       
P4314    10       72       96       
P4315    61       73       35       
P4316    91       19       42       
P4317    4        30       12       
P4318    28       34       89       
P4319    73       75       53       
P4320    70       85       70       
P4321    10       20       33       
P4322    13       24       10       
P4323    64       1        53       
P4324    40       50       66       
P4325    39       33       44       
P4326    2        23       63       
P4327    54       69       40       
P4328    48       89       97       
P4329    98       29       94       
P4330    63       65       70       
P4331    65       91       80       
P4332    85       59       42       
P4333    70       40       10       
P4334    54       55       71       
P4335    98       36       73       
P4336    23       1        65       
P4337    16       14       61       
P4338    26       41       75       
P4339    18       51       15       
P4340    89       43       6        
P4341    2        96       29       
P4342    58       15       16       
P4343    67       31       58       
P4344    26       78       73       
P4345    48       49       33       
P4346    78       63       54       
P4347    57       20       56       
P4348    13       54       100      
P4349    86       1        42       
P4350    56       16       26       
P4351    32       68       53       
P4352    5        62       38       
P4353    61       36       16       
P4354    3        33       68       
P4355    16       82       84       
P4356    21       29       32       
P4357    45       66       44       
P4358    42       68       67       
P4359    71       84       52       
P4360    84       31       66       
P4361    87       11       22       
P4362    89       82       5        
P4363    28       47       17       
P4364    81       82       96       
P4365    67       58       28       
P4366    38       27       96       
P4367    65       80       30       
P4368    7        6        91       
P4369    65       64       72       
P4370    93       22       14       
P4371    35       88       91       
P4372    80       11       64       
P4373    8        20       75       
P4374    49       67       40       
P4375    93       12       27       
P4376    52       97       11       
P4377    97       77       98       
P4378    88       54       5        
P4379    15       91       41       
P4380    61       35       1        
P4381    21       65       7        
P4382    66       32       66       
P4383    41       29       32       
P4384    58       34       52       
P4385    35       8        6        
P4386    55       74       46       
P4387    72       87       18       
P4388    45       70       4        
P4389    18       36       50       
P4390    6        29       22       
P4391    26       93       33       
P4392    18       78       52       
P4393    54       88       64       
P4394    94       89       3        
P4395    58       40       45       
P4396    49       48       50       
P4397    59       19       41       
P4398    69       50       11       
P4399    92       65       77       
P4400    100      28       25       
P4401    86       29       49       
P4402    44       89       33       
P4403    62       51       62       
P4404    15       74       17       
P4405    36       54       63       
P4406    90       69       40       
P4407    32       85       67       
P4408    13       12       17       
P4409    29       71       88       
P4410    71       68       36       
P4411    77       38       14       
P4412    65       50       52       
P4413    5        34       97       
P4414    29       82       22       
P4415    65       91       80       
P4416    5        57       97       
P4417    43       1        44       
P4418    52       41       62       
P4419    41       67       91       
P4420    26       51       70       
P4421    15       46       44       
P4422    79       55       51       
P4423    35       6        22       
P4424    37       88       60       
P4425    15       86       97       
P4426    23       46       46       
P4427    8        61       55       
P4428    98       50       38       
P4429    10       52       11       
P4430    47       56       59       
P4431    44       41       41       
P4432    72       87       11       
P4433    47       61       31       
P4434    6        8        66       
P4435    66       7        1        
P4436    90       24       14       
P4437    73       27       67       
P4438    46       93       30       
P4439    33       76       1        
P4440    5        67       34       
P4441    97       79       3        
P4442    73       19       16       
P4443    80       22       84       
P4444    42       90       59       
P4445    54       84       1        
P4446    34       36       22       
P4447    100      36       98       
P4448    94       83       48       
P4449    53       86       42       
P4450    61       99       18       
P4451    85       22       48       
P4452    9        100      13       
P4453    92       16       72       
P4454    5        80       71       
P4455    57       98       89       
P4456    21       47       57       
P4457    56       63       84       
P4458    12       80       64       
P4459    100      35       23       
P4460    96       16       10       
P4461    99       39       17       
P4462    73       26       18       
P4463    60       15       16       
P4464    21       67       74       
P4465    77       99       91       
P4466    58       32       31       
P4467    25       76       78       
P4468    88       80       87       
P4469    8        1        65       
P4470    88       67       51       
P4471    87       27       46       
P4472    96       2        22       
P4473    35       60       18       
P4474    17       25       75       
P4475    32       95       2        
P4476    87       68       32       
P4477    19       80       47       
P4478    88       40       53       
P4479    77       73       98       
P4480    13       16       77       
P4481    85       96       47       
P4482    76       20       13       
P4483    69       69       72       
P4484    42       46       55       
P4485    68       38       49       
P4486    98       46       54       
P4487    4        80       76       
P4488    10       65       40       
P4489    7        87       66       
P4490    49       65       52       
P4491    71       36       74       
P4492    18       84       24       
P4493    64       22       46       
P4494    30       67       73       
P4495    73       82       31       
P4496    66       28       25       
P4497    75       20       88       
P4498    25       80       42       
P4499    78       3        40       
P4500    22       59       64       
P4501    49       46       63       
P4502    8        24       2        
P4503    11       12       6        
P4504    78       9        74       
P4505    37       59       61       
P4506    42       22       47       
P4507    74       91       40       
P4508    6        71       49       
P4509    62       24       64       
P4510    7        97       89       
P4511    92       42       7        
P4512    67       60       9        
P4513    4        67       84       
P4514    7        71       63       
P4515    98       63       23       
P4516    76       40       6        
P4517    25       72       70       
P4518    89       13       3        
P4519    61       25       76       
P4520    24       97       75       
P4521    87       88       30       
P4522    66       15       94       
P4523    89       52       34       
P4524    89       69       42       
P4525    31       23       8        
P4526    31       19       19       
P4527    82       40       90       
P4528    79       50       49       
P4529    46       52       43       
P4530    48       50       50       
P4531    9        16       87       
P4532    79       96       5        
P4533    28       13       96       
P4534    87       51       89       
P4535    24       25       5        
P4536    76       68       73       
P4537    15       68       42       
P4538    1        100      26       
P4539    96       60       58       
P4540    56       36       100      
P4541    81       70       38       
P4542    36       91       51       
P4543    54       31       55       
P4544    46       7        8        
P4545    13       66       96       
P4546    43       6        84       
P4547    18       5        5        
P4548    96       51       28       
P4549    33       35       21       
P4550    31       95       83       
P4551    36       26       36       
P4552    76       62       53       
P4553    65       56       73       
P4554    91       91       87       
P4555    23       73       85       
P4556    49       97       33       
P4557    5        56       98       
P4558    51       31       2        
P4559    52       75       37       
P4560    60       41       9        
P4561    24       18       91       
P4562    77       56       84       
P4563    22       69       3        
P4564    76       48       86       
P4565    64       54       24       
P4566    40       80       25       
P4567    52       39       75       
P4568    52       76       3        
P4569    31       46       2        
P4570    7        1        98       
P4571    51       54       49       
P4572    96       54       78       
P4573    17       57       30       
P4574    2        99       2        
P4575    91       92       48       
P4576    52       49       68       
P4577    72       58       63       
P4578    52       91       24       
P4579    79       98       63       
P4580    5        19       67       
P4581    57       2        29       
P4582    58       50       38       
P4583    44       53       50       
P4584    69       74       27       
P4585    20       47       74       
P4586    76       16       57       
P4587    39       86       63       
P4588    85       56       85       
P4589    54       20       80       
P4590    54       58       22       
P4591    34       4        8        
P4592    34       17       29       
P4593    63       67       9        
P4594    29       7        90       
P4595    37       29       41       
P4596    69       70       71       
P4597    35       45       2        
P4598    64       75       22       
P4599    39       58       79       
P4600    52       75       9        
P4601    23       34       99       
P4602    50       78       98       
P4603    32       64       16       
P4604    27       98       59       
P4605    41       17       45       
P4606    54       88       28       
P4607    66       92       99       
P4608    16       46       71       
P4609    94       75       79       
P4610    42       95       48       
P4611    71       98       96       
P4612    96       47       24       
P4613    88       84       70       
P4614    33       13       83       
P4615    62       43       36       
P4616    86       4        84       
P4617    36       11       34       
P4618    12       24       90       
P4619    35       32       95       
P4620    74       76       62       
P4621    85       12       14       
P4622    21       88       77       
P4623    53       39       2        
P4624    51       74       62       
P4625    26       75       29       
P4626    100      83       46       
P4627    66       13       20       
P4628    82       31       27       
P4629    27       58       4        
P4630    2        9        63       
P4631    30       42       54       
P4632    51       74       26       
P4633    18       4        49       
P4634    75       43       79       
P4635    5        70       79       
P4636    93       31       75       
P4637    87       87       5        
P4638    75       50       49       
P4639    52       73       31       
P4640    70       54       5        
P4641    86       5        89       
P4642    73       9        91       
P4643    32       14       8        
P4644    81       52       15       
P4645    52       3        67       
P4646    61       97       75       
P4647    1        44       95       
P4648    45       43       49       
P4649    33       13       9        
P4650    97       61       93       
P4651    13       45       80       
P4652    40       82       24       
P4653    23       34       56       
P4654    15       53       97       
P4655    20       84       36       
P4656    13       100      11       
P4657    94       65       58       
P4658    58       16       94       
P4659    69       47       57       
P4660    82       14       20       
P4661    89       78       57       
P4662    79       41       33       
P4663    56       11       28       
P4664    13       93       39       
P4665    13       27       47       
P4666    66       32       95       
P4667    4        69       19       
P4668    30       86       34       
P4669    49       45       27       
P4670    90       34       15       
P4671    48       57       86       
P4672    18       65       45       
P4673    88       91       96       
P4674    81       79       96       
P4675    49       85       16       
P4676    56       33       12       
P4677    51       30       6        
P4678    93       52       62       
P4679    34       35       71       
P4680    66       61       68       
P4681    87       24       14       
P4682    85       48       66       
P4683    79       21       21       
P4684    34       12       35       
P4685    32       23       70       
P4686    45       98       87       
P4687    60       31       86       
P4688    39       51       13       
P4689    62       34       56       
P4690    51       33       48       
P4691    91       75       78       
P4692    26       44       4        
P4693    12       76       45       
P4694    37       23       7        
P4695    2        25       41       
P4696    54       81       55       
P4697    42       60       98       
P4698    83       12       80       
P4699    63       72       91       
P4700    73       38       12       
P4701    36       33       16       
P4702    89       94       88       
P4703    35       2        14       
P4704    57       59       59       
P4705    60       57       37       
P4706    90       63       89       
P4707    69       84       10       
P4708    72       22       71       
P4709    82       46       18       
P4710    34       20       55       
P4711    16       2        55       
P4712    47       77       84       
P4713    43       66       34       
P4714    70       25       81       
P4715    99       30       47       
P4716    17       10       7        
P4717    44       64       20       
P4718    78       29       98       
P4719    21       80       27       
P4720    72       63       99       
P4721    14       13       100      
P4722    70       71       47       
P4723    82       15       21       
P4724    1        57       17       
P4725    22       24       12       
P4726    95       84       26       
P4727    68       51       68       
P4728    7        44       3        
P4729    55       55       82       
P4730    82       52       72       
P4731    44       96       39       
P4732    11       28       16       
P4733    48       9        94       
P4734    99       56       8        
P4735    8        38       60       
P4736    41       21       56       
P4737    51       33       59       
P4738    100      18       21       
P4739    30       74       57       
P4740    94       53       100      
P4741    33       5        43       
P4742    59       4        35       
P4743    56       96       81       
P4744    45       35       78       
P4745    100      64       28       
P4746    10       4        86       
P4747    15       35       76       
P4748    69       11       52       
P4749    11       80       6        
P4750    31       61       63       
P4751    82       39       49       
P4752    71       21       86       
P4753    34       55       74       
P4754    93       30       7        
P4755    43       54       86       
P4756    88       40       25       
P4757    29       21       37       
P4758    14       99       58       
P4759    9        51       90       
P4760    6        47       82       
P4761    92       91       29       
P4762    70       44       57       
P4763    21       59       19       
P4764    47       32       64       
P4765    84       11       3        
P4766    29       40       85       
P4767    88       34       28       
P4768    56       61       23       
P4769    76       5        28       
P4770    58       56       1        
P4771    47       55       2        
P4772    61       83       95       
P4773    52       61       13       
P4774    60       45       86       
P4775    49       84       95       
P4776    69       35       9        
P4777    3        14       64       
P4778    70       24       85       
P4779    17       5        71       
P4780    5        12       41       
P4781    36       11       60       
P4782    35       91       70       
P4783    7        36       94       
P4784    29       67       97       
P4785    31       52       33       
P4786    43       6        65       
P4787    94       1        51       
P4788    27       69       97       
P4789    58       6        14       
P4790    41       80       98       
P4791    33       8        99       
P4792    1        31       12       
P4793    95       21       70       
P4794    41       60       18       
P4795    64       24       76       
P4796    58       49       66       
P4797    97       2        41       
P4798    93       44       37       
P4799    82       82       17       
P4800    85       96       97       
P4801    67       29       24       
P4802    54       9        59       
P4803    43       68       39       
P4804    94       11       91       
P4805    6        8        20       
P4806    26       50       91       
P4807    52       4        22       
P4808    50       61       22       
P4809    59       51       43       
P4810    94       54       47       
P4811    95       22       100      
P4812    18       40       64       
P4813    29       9        94       
P4814    54       57       82       
P4815    6        30       27       
P4816    3        70       88       
P4817    31       68       86       
P4818    91       62       7        
P4819    51       54       98       
P4820    37       17       13       
P4821    81       24       94       
P4822    33       32       72       
P4823    69       65       63       
P4824    55       34       26       
P4825    2        56       3        
P4826    98       100      47       
P4827    12       41       25       
P4828    60       27       56       
P4829    23       2        38       
P4830    39       46       100      
P4831    95       98       9        
P4832    68       7        33       
P4833    49       15       92       
P4834    90       84       29       
P4835    60       16       54       
P4836    41       46       22       
P4837    12       28       36       
P4838    84       27       35       
P4839    12       38       53       
P4840    28       24       56       
P4841    48       84       45       
P4842    78       22       79       
P4843    24       82       36       
P4844    63       52       43       
P4845    64       34       40       
P4846    5        14       48       
P4847    12       91       96       
P4848    98       35       32       
P4849    61       70       84       
P4850    70       92       11       
P4851    35       21       62       
P4852    64       100      25       
P4853    29       44       89       
P4854    48       65       57       
P4855    89       71       90       
P4856    76       65       43       
P4857    52       53       36       
P4858    16       51       77       
P4859    56       94       46       
P4860    68       99       88       
P4861    50       48       89       
P4862    66       73       32       
P4863    26       50       74       
P4864    85       84       3        
P4865    21       1        11       
P4866    99       82       37       
P4867    73       64       50       
P4868    29       67       70       
P4869    38       16       77       
P4870    83       84       2        
P4871    6        44       78       
P4872    51       14       7        
P4873    66       80       13       
P4874    58       44       41       
P4875    35       8        30       
P4876    89       27       7        
P4877    33       15       98       
P4878    47       86       28       
P4879    91       81       36       
P4880    73       4        92       
P4881    34       71       44       
P4882    57       94       48       
P4883    64       89       31       
P4884    1        5        9        
P4885    8        79       87       
P4886    85       9        24       
P4887    8        71       23       
P4888    28       97       68       
P4889    74       80       50       
P4890    40       86       14       
P4891    14       7        40       
P4892    31       57       59       
P4893    62       86       89       
P4894    74       70       43       
P4895    32       66       5        
P4896    56       56       84       
P4897    75       35       14       
P4898    66       87       85       
P4899    98       7        28       
P4900    7        67       73       
P4901    52       40       35       
P4902    94       74       27       
P4903    65       84       43       
P4904    47       30       60       
P4905    69       20       24       
P4906    10       48       61       
P4907    34       36       22       
P4908    8        98       4        
P4909    62       42       80       
P4910    52       2        41       
P4911    19       13       5        
P4912    96       30       16       
P4913    72       6        89       
P4914    54       12       22       
P4915    31       74       14       
P4916    63       12       73       
P4917    80       100      28       
P4918    49       8        27       
P4919    83       55       99       
P4920    63       20       92       
P4921    46       1        25       
P4922    63       33       96       
P4923    97       25       10       
P4924    89       92       97       
P4925    38       30       40       
P4926    12       84       65       
P4927    41       10       54       
P4928    66       60       91       
P4929    11       31       1        
P4930    97       35       48       
P4931    27       49       26       
P4932    87       21       29       
P4933    77       89       70       
P4934    82       52       11       
P4935    22       71       5        
P4936    20       100      62       
P4937    26       96       89       
P4938    42       73       99       
P4939    88       67       49       
P4940    44       72       46       
P4941    93       1        18       
P4942    41       33       80       
P4943    11       3        33       
P4944    27       74       53       
P4945    94       28       84       
P4946    26       40       1        
P4947    41       45       70       
P4948    80       22       8        
P4949    22       95       92       
P4950    79       8        79       
P4951    89       68       46       
P4952    50       40       87       
P4953    90       47       92       
P4954    35       80       93       
P4955    96       88       96       
P4956    49       85       3        
P4957    12       95       77       
P4958    15       75       52       
P4959    36       66       92       
P4960    21       42       41       
P4961    90       67       27       
P4962    17       41       82       
P4963    71       63       51       
P4964    28       63       27       
P4965    95       17       2        
P4966    69       86       61       
P4967    37       85       12       
P4968    51       29       14       
P4969    96       92       41       
P4970    97       84       67       
P4971    64       12       29       
P4972    36       38       69       
P4973    99       27       89       
P4974    17       47       100      
P4975    8        32       17       
P4976    50       14       50       
P4977    100      1        68       
P4978    49       56       45       
P4979    8        93       55       
P4980    76       51       96       
P4981    49       40       48       
P4982    84       55       35       
P4983    51       58       32       
P4984    19       92       46       
P4985    30       31       59       
P4986    25       54       91       
P4987    97       50       30       
P4988    68       91       26       
P4989    34       77       47       
P4990    80       75       53       
P4991    85       29       24       
P4992    79       99       65       
P4993    47       79       97       
P4994    30       67       24       
P4995    100      12       7        
P4996    23       93       27       
P4997    12       10       99       
P4998    58       33       23       
P4999    41       6        67       
P5000    19       71       71       
P5001    16       91       92       
P5002    29       93       86       
P5003    92       31       24       
P5004    25       72       37       
P5005    12       88       39       
P5006    21       32       39       
P5007    45       90       32       
P5008    21       96       72       
P5009    19       88       2        
P5010    35       66       30       
P5011    2        66       70       
P5012    45       82       43       
P5013    79       67       54       
P5014    47       24       80       
P5015    100      53       100      
P5016    52       35       64       
P5017    72       8        8        
P5018    53       77       69       
P5019    99       66       61       
P5020    30       79       45       
P5021    4        80       96       
P5022    78       64       7        
P5023    41       29       94       
P5024    43       52       39       
P5025    26       36       82       
P5026    79       47       4        
P5027    97       49       91       
P5028    24       60       1        
P5029    60       47       61       
P5030    34       3        30       
P5031    30       6        80       
P5032    12       91       33       
P5033    36       74       37       
P5034    4        59       54       
P5035    75       57       6        
P5036    82       65       70       
P5037    80       64       17       
P5038    40       9        34       
P5039    71       46       80       
P5040    81       42       6        
P5041    10       67       9        
P5042    19       52       45       
P5043    53       53       33       
P5044    29       12       91       
P5045    2        16       99       
P5046    28       88       98       
P5047    77       56       76       
P5048    32       7        70       
P5049    34       43       36       
P5050    3        3        56       
P5051    90       57       80       
P5052    70       28       75       
P5053    56       88       51       
P5054    21       59       12       
P5055    80       12       70       
P5056    89       12       32       
P5057    79       26       90       
P5058    22       34       72       
P5059    86       25       54       
P5060    70       32       49       
P5061    33       4        8        
P5062    11       54       21       
P5063    57       24       9        
P5064    22       41       73       
P5065    46       4        44       
P5066    80       100      61       
P5067    21       1        1        
P5068    24       9        96       
P5069    42       40       27       
P5070    3        5        92       
P5071    13       71       55       
P5072    24       50       29       
P5073    29       3        10       
P5074    15       82       69       
P5075    54       41       66       
P5076    29       28       2        
P5077    83       4        7        
P5078    72       45       44       
P5079    69       89       34       
P5080    51       94       95       
P5081    67       60       21       
P5082    3        36       82       
P5083    10       97       67       
P5084    25       67       20       
P5085    56       78       64       
P5086    10       63       41       
P5087    25       67       32       
P5088    22       22       15       
P5089    95       93       19       
P5090    94       87       67       
P5091    87       25       16       
P5092    6        48       94       
P5093    37       29       65       
P5094    77       70       66       
P5095    74       90       23       
P5096    37       37       34       
P5097    82       30       10       
P5098    91       58       42       
P5099    82       12       51       
P5100    71       13       86       
P5101    76       86       34       
P5102    29       60       47       
P5103    84       23       42       
P5104    40       90       56       
P5105    32       27       81       
P5106    78       82       50       
P5107    38       99       25       
P5108    44       19       53       
P5109    50       38       6        
P5110    18       81       39       
P5111    49       43       46       
P5112    22       74       95       
P5113    31       51       51       
P5114    36       74       57       
P5115    67       42       27       
P5116    3        75       27       
P5117    57       64       11       
P5118    60       85       86       
P5119    49       2        43       
P5120    92       44       29       
P5121    33       12       42       
P5122    86       4        41       
P5123    64       75       22       
P5124    4        64       82       
P5125    26       66       90       
P5126    75       61       26       
P5127    76       78       62       
P5128    29       91       73       
P5129    22       48       62       
P5130    30       6        53       
P5131    2        5        51       
P5132    43       57       78       
P5133    72       72       60       
P5134    62       7        20       
P5135    44       37       61       
P5136    96       12       23       
P5137    12       73       89       
P5138    99       14       68       
P5139    24       10       68       
P5140    43       68       76       
P5141    34       25       61       
P5142    83       23       71       
P5143    33       77       66       
P5144    91       66       15       
P5145    23       15       61       
P5146    100      15       43       
P5147    57       50       87       
P5148    31       21       22       
P5149    15       8        52       
P5150    43       64       34       
P5151    15       61       64       
P5152    49       84       25       
P5153    86       8        6        
P5154    32       47       10       
P5155    17       10       42       
P5156    27       97       44       
P5157    18       23       64       
P5158    25       13       88       
P5159    8        66       77       
P5160    31       52       81       
P5161    28       66       97       
P5162    33       40       67       
P5163    81       57       30       
P5164    3        80       6        
P5165    14       9        87       
P5166    15       77       31       
P5167    92       44       3        
P5168    8        34       31       
P5169    56       1        94       
P5170    56       11       95       
P5171    59       22       17       
P5172    37       80       43       
P5173    37       84       2        
P5174    6        44       27       
P5175    44       40       44       
P5176    16       18       86       
P5177    50       68       68       
P5178    45       33       14       
P5179    76       84       55       
P5180    98       24       35       
P5181    10       5        23       
P5182    64       55       34       
P5183    91       52       15       
P5184    11       88       60       
P5185    4        9        80       
P5186    26       85       74       
P5187    70       75       50       
P5188    84       23       59       
P5189    93       1        11       
P5190    4        97       86       
P5191    5        16       1        
P5192    17       98       70       
P5193    11       35       31       
P5194    100      63       46       
P5195    47       47       90       
P5196    24       83       84       
P5197    12       61       65       
P5198    31       82       31       
P5199    24       18       30       
P5200    9        94       83       
P5201    60       41       57       
P5202    83       81       51       
P5203    89       36       43       
P5204    4        83       58       
P5205    9        4        98       
P5206    7        3        20       
P5207    10       5        18       
P5208    43       81       89       
P5209    60       20       51       
P5210    89       30       57       
P5211    28       61       87       
P5212    47       45       27       
P5213    42       19       16       
P5214    43       93       33       
P5215    63       55       60       
P5216    68       43       64       
P5217    5        46       91       
P5218    77       98       90       
P5219    92       25       14       
P5220    47       93       97       
P5221    5        39       32       
P5222    3        82       69       
P5223    52       33       58       
P5224    5        74       81       
P5225    51       35       63       
P5226    27       69       48       
P5227    84       35       81       
P5228    17       81       2        
P5229    72       68       12       
P5230    27       14       25       
P5231    61       73       28       
P5232    69       95       24       
P5233    89       71       30       
P5234    61       12       1        
P5235    36       72       59       
P5236    30       84       29       
P5237    95       58       38       
P5238    11       44       46       
P5239    52       70       70       
P5240    38       93       99       
P5241    62       69       75       
P5242    42       10       81       
P5243    89       23       44       
P5244    24       43       55       
P5245    62       6        31       
P5246    2        43       77       
P5247    4        50       7        
P5248    51       100      60       
P5249    24       80       1        
P5250    46       65       96       
P5251    73       21       20       
P5252    95       40       100      
P5253    80       21       85       
P5254    18       3        60       
P5255    28       70       60       
P5256    26       64       29       
P5257    37       20       98       
P5258    70       52       31       
P5259    88       90       63       
P5260    87       82       9        
P5261    63       58       6        
P5262    98       38       92       
P5263    51       26       14       
P5264    6        93       85       
P5265    98       20       20       
P5266    14       87       87       
P5267    94       24       75       
P5268    11       31       12       
P5269    87       6        36       
P5270    25       23       96       
P5271    54       40       64       
P5272    28       77       16       
P5273    62       36       4        
P5274    81       7        16       
P5275    75       86       25       
P5276    23       27       69       
P5277    35       47       60       
P5278    36       39       91       
P5279    69       17       23       
P5280    76       97       53       
P5281    62       42       14       
P5282    79       80       46       
P5283    30       25       74       
P5284    17       75       41       
P5285    7        99       4        
P5286    22       92       9        
P5287    22       53       35       
P5288    72       29       19       
P5289    8        72       55       
P5290    32       69       21       
P5291    11       79       70       
P5292    22       84       21       
P5293    93       28       21       
P5294    40       81       45       
P5295    85       73       35       
P5296    75       47       26       
P5297    71       95       36       
P5298    90       68       75       
P5299    70       51       25       
P5300    57       33       31       
P5301    8        9        93       
P5302    50       81       43       
P5303    39       35       2        
P5304    1        61       73       
P5305    30       92       24       
P5306    50       99       39       
P5307    30       53       94       
P5308    40       25       62       
P5309    97       44       59       
P5310    90       68       66       
P5311    24       12       13       
P5312    68       49       93       
P5313    78       81       43       
P5314    29       13       99       
P5315    67       72       19       
P5316    57       39       32       
P5317    78       13       79       
P5318    87       13       97       
P5319    29       99       30       
P5320    43       31       50       
P5321    24       59       30       
P5322    11       35       61       
P5323    41       79       24       
P5324    93       64       14       
P5325    70       28       99       
P5326    94       79       44       
P5327    47       19       37       
P5328    100      55       32       
P5329    44       45       5        
P5330    81       21       16       
P5331    72       78       85       
P5332    6        85       53       
P5333    51       90       54       
P5334    73       77       38       
P5335    59       95       42       
P5336    94       17       41       
P5337    86       38       98       
P5338    54       43       47       
P5339    58       32       27       
P5340    36       16       14       
P5341    87       47       80       
P5342    50       79       100      
P5343    93       10       25       
P5344    57       88       32       
P5345    76       41       83       
P5346    44       25       63       
P5347    64       67       32       
P5348    10       39       49       
P5349    33       95       75       
P5350    11       94       67       
P5351    66       8        22       
P5352    76       92       15       
P5353    33       19       61       
P5354    94       20       28       
P5355    14       48       76       
P5356    21       13       40       
P5357    66       44       74       
P5358    67       77       5        
P5359    66       10       30       
P5360    45       92       2        
P5361    10       42       24       
P5362    47       26       26       
P5363    23       55       85       
P5364    54       65       28       
P5365    36       81       9        
P5366    14       91       71       
P5367    55       24       5        
P5368    65       61       25       
P5369    64       78       24       
P5370    82       59       55       
P5371    7        32       45       
P5372    31       68       60       
P5373    19       87       59       
P5374    100      42       98       
P5375    25       80       2        
P5376    97       45       53       
P5377    36       86       67       
P5378    31       83       50       
P5379    74       37       7        
P5380    49       44       12       
P5381    59       66       9        
P5382    64       36       80       
P5383    32       11       91       
P5384    45       26       8        
P5385    64       26       45       
P5386    40       70       80       
P5387    18       57       3        
P5388    54       52       71       
P5389    68       99       80       
P5390    60       5        55       
P5391    2        6        95       
P5392    2        2        48       
P5393    56       93       76       
P5394    68       21       46       
P5395    13       37       3        
P5396    82       66       38       
P5397    35       86       20       
P5398    50       88       44       
P5399    27       14       39       
P5400    96       33       76       
P5401    62       31       30       
P5402    69       63       35       
P5403    37       96       67       
P5404    21       82       74       
P5405    35       32       8        
P5406    10       35       47       
P5407    95       31       18       
P5408    7        98       68       
P5409    86       7        63       
P5410    24       13       17       
P5411    95       75       94       
P5412    78       9        85       
P5413    6        1        68       
P5414    46       2        32       
P5415    16       58       37       
P5416    16       55       84       
P5417    16       89       89       
P5418    22       86       75       
P5419    85       36       51       
P5420    15       96       30       
P5421    1        45       7        
P5422    80       97       75       
P5423    98       81       68       
P5424    7        81       51       
P5425    30       35       38       
P5426    40       28       42       
P5427    57       97       46       
P5428    50       58       88       
P5429    60       41       33       
P5430    24       74       73       
P5431    62       52       72       
P5432    14       21       55       
P5433    44       54       33       
P5434    38       50       7        
P5435    16       44       73       
P5436    85       62       71       
P5437    44       14       11       
P5438    7        25       64       
P5439    40       5        71       
P5440    43       74       78       
P5441    67       77       54       
P5442    86       53       2        
P5443    56       80       25       
P5444    92       11       20       
P5445    20       59       23       
P5446    76       89       78       
P5447    14       84       84       
P5448    76       97       40       
P5449    86       91       34       
P5450    16       84       59       
P5451    8        41       62       
P5452    61       95       43       
P5453    13       74       46       
P5454    51       65       4        
P5455    51       2        5        
P5456    45       69       39       
P5457    36       51       1        
P5458    22       12       8        
P5459    19       14       23       
P5460    54       97       62       
P5461    66       63       94       
P5462    57       91       35       
P5463    97       100      11       
P5464    15       33       48       
P5465    36       3        21       
P5466    41       1        39       
P5467    29       61       64       
P5468    12       75       62       
P5469    45       66       80       
P5470    44       85       97       
P5471    24       51       94       
P5472    45       73       86       
P5473    99       87       20       
P5474    92       56       63       
P5475    70       28       14       
P5476    20       69       76       
P5477    25       78       56       
P5478    82       28       64       
P5479    93       40       11       
P5480    41       54       34       
P5481    24       9        15       
P5482    79       96       46       
P5483    5        28       4        
P5484    12       33       28       
P5485    43       71       73       
P5486    78       51       27       
P5487    60       52       13       
P5488    79       73       59       
P5489    23       15       34       
P5490    64       89       15       
P5491    27       61       100      
P5492    73       38       49       
P5493    74       10       70       
P5494    80       99       94       
P5495    15       52       97       
P5496    43       57       66       
P5497    48       37       93       
P5498    13       60       60       
P5499    14       38       79       
P5500    5        78       13       
P5501    44       42       100      
P5502    19       46       38       
P5503    86       53       23       
P5504    93       99       29       
P5505    32       34       2        
P5506    4        46       27       
P5507    51       72       31       
P5508    89       64       47       
P5509    79       18       21       
P5510    73       75       83       
P5511    9        96       23       
P5512    59       96       30       
P5513    44       67       62       
P5514    29       17       43       
P5515    13       38       83       
P5516    83       95       55       
P5517    1        42       39       
P5518    40       25       72       
P5519    86       97       37       
P5520    88       59       3        
P5521    38       65       96       
P5522    84       91       31       
P5523    5        5        99       
P5524    100      70       91       
P5525    12       32       40       
P5526    77       28       90       
P5527    93       78       2        
P5528    18       61       46       
P5529    51       77       46       
P5530    84       51       88       
P5531    24       12       78       
P5532    5        70       62       
P5533    83       36       53       
P5534    64       40       2        
P5535    34       87       53       
P5536    12       96       89       
P5537    100      90       96       
P5538    40       98       98       
P5539    61       95       51       
P5540    4        4        43       
P5541    32       73       8        
P5542    28       26       82       
P5543    27       90       16       
P5544    11       69       31       
P5545    49       16       71       
P5546    83       40       34       
P5547    29       95       69       
P5548    3        36       86       
P5549    77       25       86       
P5550    38       79       74       
P5551    36       15       29       
P5552    74       82       84       
P5553    22       1        20       
P5554    31       93       12       
P5555    49       6        84       
P5556    14       92       64       
P5557    12       24       98       
P5558    41       92       90       
P5559    22       44       14       
P5560    93       97       99       
P5561    9        55       51       
P5562    12       10       21       
P5563    76       14       17       
P5564    64       84       22       
P5565    75       78       80       
P5566    34       27       93       
P5567    49       13       38       
P5568    76       56       37       
P5569    14       6        57       
P5570    69       98       56       
P5571    2        90       27       
P5572    49       84       30       
P5573    57       16       12       
P5574    80       9        15       
P5575    43       27       42       
P5576    43       84       97       
P5577    68       17       75       
P5578    76       25       60       
P5579    11       34       49       
P5580    16       93       58       
P5581    24       75       21       
P5582    39       67       38       
P5583    75       84       53       
P5584    21       58       65       
P5585    41       72       17       
P5586    89       21       66       
P5587    19       41       21       
P5588    13       65       22       
P5589    74       90       99       
P5590    87       67       99       
P5591    83       55       37       
P5592    30       77       38       
P5593    55       2        20       
P5594    54       12       30       
P5595    80       57       49       
P5596    78       83       25       
P5597    20       14       50       
P5598    1        72       9        
P5599    43       67       12       
P5600    59       31       19       
P5601    42       79       74       
P5602    87       16       85       
P5603    8        8        89       
P5604    12       48       94       
P5605    18       8        84       
P5606    52       21       2        
P5607    4        15       60       
P5608    61       76       81       
P5609    11       29       21       
P5610    34       76       87       
P5611    56       15       23       
P5612    41       18       15       
P5613    54       44       4        
P5614    7        55       88       
P5615    90       86       60       
P5616    11       4        82       
P5617    29       26       12       
P5618    83       13       21       
P5619    23       53       4        
P5620    14       8        16       
P5621    61       78       98       
P5622    100      11       56       
P5623    99       39       26       
P5624    23       18       25       
P5625    68       11       47       
P5626    83       58       31       
P5627    1        88       5        
P5628    42       12       12       
P5629    46       20       89       
P5630    9        34       28       
P5631    39       97       80       
P5632    44       5        39       
P5633    5        77       90       
P5634    66       5        30       
P5635    17       33       23       
P5636    40       33       52       
P5637    47       20       58       
P5638    40       29       97       
P5639    79       82       75       
P5640    48       79       18       
P5641    76       66       70       
P5642    56       84       1        
P5643    21       26       60       
P5644    47       74       13       
P5645    14       72       31       
P5646    83       18       7        
P5647    42       62       48       
P5648    30       2        76       
P5649    93       43       17       
P5650    59       13       82       
P5651    69       47       88       
P5652    56       2        90       
P5653    42       100      21       
P5654    67       66       19       
P5655    91       96       70       
P5656    87       2        39       
P5657    60       5        45       
P5658    21       60       100      
P5659    48       19       62       
P5660    61       2        61       
P5661    88       14       58       
P5662    44       21       19       
P5663    86       10       81       
P5664    67       34       9        
P5665    29       27       70       
P5666    46       32       37       
P5667    43       66       68       
P5668    42       19       32       
P5669    20       84       97       
P5670    13       74       90       
P5671    95       100      91       
P5672    88       68       73       
P5673    83       54       34       
P5674    77       46       9        
P5675    56       36       79       
P5676    46       98       4        
P5677    29       76       38       
P5678    66       32       53       
P5679    91       48       43       
P5680    100      41       22       
P5681    66       90       51       
P5682    77       15       84       
P5683    17       58       78       
P5684    57       18       87       
P5685    61       69       55       
P5686    97       75       81       
P5687    55       94       77       
P5688    82       42       57       
P5689    43       90       33       
P5690    69       29       62       
P5691    11       47       82       
P5692    2        6        4        
P5693    11       73       42       
P5694    91       69       53       
P5695    7        52       49       
P5696    72       86       66       
P5697    97       95       89       
P5698    39       59       20       
P5699    36       38       93       
P5700    37       69       2        
P5701    4        68       61       
P5702    86       30       85       
P5703    9        97       32       
P5704    29       51       96       
P5705    98       41       84       
P5706    91       30       99       
P5707    23       61       88       
P5708    41       73       92       
P5709    75       10       77       
P5710    77       70       75       
P5711    60       84       14       
P5712    95       73       61       
P5713    67       28       74       
P5714    27       49       26       
P5715    75       2        4        
P5716    42       85       9        
P5717    14       64       64       
P5718    33       14       1        
P5719    90       17       99       
P5720    76       6        62       
P5721    22       72       73       
P5722    83       27       91       
P5723    4        79       51       
P5724    2        27       51       
P5725    7        74       35       
P5726    68       7        35       
P5727    35       37       54       
P5728    12       58       54       
P5729    78       82       32       
P5730    69       16       62       
P5731    94       82       45       
P5732    14       28       26       
P5733    20       60       50       
P5734    16       23       16       
P5735    36       1        58       
P5736    39       79       34       
P5737    59       92       20       
P5738    8        24       79       
P5739    40       48       16       
P5740    61       23       45       
P5741    64       64       56       
P5742    67       55       24       
P5743    21       78       20       
P5744    66       6        28       
P5745    76       53       19       
P5746    96       9        78       
P5747    71       64       76       
P5748    70       14       98       
P5749    52       13       96       
P5750    7        52       37       
P5751    68       28       11       
P5752    82       43       67       
P5753    12       99       29       
P5754    55       52       17       
P5755    5        99       80       
P5756    97       50       25       
P5757    80       92       99       
P5758    54       62       85       
P5759    69       90       1        
P5760    1        40       51       
P5761    54       39       66       
P5762    100      80       51       
P5763    4        37       20       
P5764    13       87       12       
P5765    60       68       75       
P5766    50       57       17       
P5767    33       87       8        
P5768    55       42       97       
P5769    9        55       31       
P5770    85       40       85       
P5771    65       21       22       
P5772    77       10       35       
P5773    4        81       87       
P5774    45       47       70       
P5775    99       38       19       
P5776    69       52       91       
P5777    57       16       22       
P5778    72       13       92       
P5779    13       15       85       
P5780    70       62       47       
P5781    40       11       59       
P5782    72       76       18       
P5783    82       81       86       
P5784    66       43       63       
P5785    81       76       22       
P5786    16       93       99       
P5787    96       48       98       
P5788    6        75       25       
P5789    62       78       44       
P5790    86       3        70       
P5791    86       20       62       
P5792    9        93       96       
P5793    20       96       60       
P5794    27       51       79       
P5795    81       15       26       
P5796    18       87       91       
P5797    3        29       58       
P5798    52       34       92       
P5799    35       65       39       
P5800    23       39       93       
P5801    9        22       89       
P5802    19       41       81       
P5803    24       45       18       
P5804    27       3        73       
P5805    34       13       26       
P5806    57       98       97       
P5807    38       55       25       
P5808    20       76       79       
P5809    95       66       2        
P5810    46       37       82       
P5811    62       16       40       
P5812    94       57       96       
P5813    38       9        68       
P5814    31       70       3        
P5815    44       23       8        
P5816    58       15       22       
P5817    70       91       59       
P5818    92       46       9        
P5819    44       50       75       
P5820    86       97       53       
P5821    72       59       52       
P5822    7        24       19       
P5823    49       89       89       
P5824    15       49       38       
P5825    24       57       34       
P5826    12       17       47       
P5827    11       37       52       
P5828    96       19       29       
P5829    87       78       74       
P5830    15       60       7        
P5831    31       45       31       
P5832    89       30       46       
P5833    37       20       17       
P5834    72       85       48       
P5835    59       91       84       
P5836    57       65       13       
P5837    40       12       53       
P5838    10       89       67       
P5839    57       59       79       
P5840    44       80       20       
P5841    25       26       4        
P5842    4        7        93       
P5843    100      34       32       
P5844    22       66       9        
P5845    98       16       81       
P5846    52       50       77       
P5847    65       25       49       
P5848    21       16       1        
P5849    21       28       29       
P5850    69       47       75       
P5851    92       35       21       
P5852    69       44       47       
P5853    7        84       29       
P5854    57       63       68       
P5855    99       58       81       
P5856    55       5        27       
P5857    2        16       19       
P5858    85       17       77       
P5859    9        90       17       
P5860    31       12       33       
P5861    82       23       67       
P5862    82       66       51       
P5863    12       17       92       
P5864    76       71       9        
P5865    79       30       8        
P5866    17       61       45       
P5867    81       79       13       
P5868    67       97       25       
P5869    12       42       92       
P5870    41       91       97       
P5871    44       64       65       
P5872    55       57       20       
P5873    87       49       75       
P5874    44       89       66       
P5875    20       77       5        
P5876    21       13       30       
P5877    68       41       69       
P5878    20       73       96       
P5879    30       96       25       
P5880    71       16       75       
P5881    21       34       40       
P5882    29       51       89       
P5883    90       69       28       
P5884    58       21       97       
P5885    7        10       17       
P5886    9        11       92       
P5887    23       83       91       
P5888    69       87       62       
P5889    23       63       27       
P5890    79       12       79       
P5891    51       7        49       
P5892    97       89       34       
P5893    21       60       41       
P5894    62       72       83       
P5895    3        99       93       
P5896    100      74       42       
P5897    63       7        57       
P5898    54       92       100      
P5899    45       78       12       
P5900    10       94       22       
P5901    14       75       71       
P5902    25       49       86       
P5903    25       100      26       
P5904    75       32       65       
P5905    73       31       72       
P5906    19       60       24       
P5907    54       26       47       
P5908    27       43       11       
P5909    75       1        80       
P5910    35       2        12       
P5911    2        21       11       
P5912    4        21       25       
P5913    19       78       87       
P5914    78       87       32       
P5915    73       36       26       
P5916    90       44       13       
P5917    67       50       75       
P5918    67       93       72       
P5919    62       11       19       
P5920    97       84       92       
P5921    58       90       87       
P5922    7        90       68       
P5923    25       11       85       
P5924    36       83       5        
P5925    31       57       8        
P5926    58       91       5        
P5927    51       96       91       
P5928    45       59       27       
P5929    11       13       89       
P5930    2        89       57       
P5931    17       59       41       
P5932    90       30       44       
P5933    44       72       90       
P5934    91       85       20       
P5935    77       33       39       
P5936    95       83       87       
P5937    36       88       78       
P5938    41       68       87       
P5939    71       72       83       
P5940    26       60       56       
P5941    16       59       31       
P5942    75       9        4        
P5943    33       78       52       
P5944    80       9        22       
P5945    65       7        38       
P5946    57       83       94       
P5947    48       7        97       
P5948    21       76       20       
P5949    85       34       38       
P5950    57       67       31       
P5951    48       84       93       
P5952    80       21       92       
P5953    100      94       3        
P5954    95       27       40       
P5955    34       82       3        
P5956    85       93       31       
P5957    14       90       92       
P5958    26       86       58       
P5959    25       88       22       
P5960    64       10       27       
P5961    57       41       63       
P5962    15       79       72       
P5963    28       43       4        
P5964    95       81       27       
P5965    84       40       9        
P5966    65       97       84       
P5967    42       60       1        
P5968    59       7        77       
P5969    3        67       18       
P5970    82       61       95       
P5971    9        20       40       
P5972    40       59       1        
P5973    63       79       40       
P5974    94       35       20       
P5975    45       84       12       
P5976    20       50       2        
P5977    86       98       2        
P5978    91       23       81       
P5979    29       34       36       
P5980    94       86       14       
P5981    75       48       64       
P5982    49       35       35       
P5983    64       57       92       
P5984    48       20       7        
P5985    27       39       6        
P5986    56       34       15       
P5987    40       45       65       
P5988    31       84       82       
P5989    40       64       22       
P5990    15       93       6        
P5991    53       15       58       
P5992    31       39       59       
P5993    20       34       16       
P5994    12       7        17       
P5995    10       65       74       
P5996    88       100      11       
P5997    11       15       48       
P5998    74       8        38       
P5999    100      57       97       
P6000    3        37       47       
P6001    50       84       39       
P6002    82       26       60       
P6003    86       33       18       
P6004    82       81       89       
P6005    44       57       84       
P6006    4        19       2        
P6007    15       23       35       
P6008    34       70       34       
P6009    22       3        91       
P6010    18       34       56       
P6011    95       70       75       
P6012    46       25       83       
P6013    46       23       4        
P6014    63       53       42       
P6015    70       65       81       
P6016    79       95       36       
P6017    21       89       48       
P6018    6        73       14       
P6019    58       23       55       
P6020    39       87       55       
P6021    82       53       72       
P6022    24       97       80       
P6023    70       1        55       
P6024    44       66       73       
P6025    56       26       83       
P6026    44       85       13       
P6027    66       53       62       
P6028    66       14       16       
P6029    41       93       64       
P6030    83       55       41       
P6031    98       88       90       
P6032    24       35       98       
P6033    26       37       10       
P6034    85       40       23       
P6035    52       63       81       
P6036    19       61       66       
P6037    18       85       23       
P6038    80       1        96       
P6039    90       7        36       
P6040    40       55       29       
P6041    1        54       84       
P6042    59       49       67       
P6043    94       62       67       
P6044    13       86       59       
P6045    82       19       2        
P6046    2        19       60       
P6047    15       86       45       
P6048    28       28       56       
P6049    9        71       86       
P6050    77       90       11       
P6051    72       69       19       
P6052    5        39       82       
P6053    20       15       55       
P6054    42       60       21       
P6055    12       26       32       
P6056    98       31       77       
P6057    46       10       53       
P6058    73       29       82       
P6059    94       76       48       
P6060    24       72       42       
P6061    86       22       35       
P6062    91       96       82       
P6063    29       21       14       
P6064    72       27       41       
P6065    38       92       70       
P6066    63       19       78       
P6067    44       7        46       
P6068    76       96       90       
P6069    54       31       65       
P6070    94       89       11       
P6071    43       47       4        
P6072    57       60       20       
P6073    80       94       81       
P6074    18       8        18       
P6075    93       75       15       
P6076    46       52       6        
P6077    34       1        33       
P6078    22       67       78       
P6079    31       94       1        
P6080    87       53       45       
P6081    16       74       96       
P6082    44       22       24       
P6083    62       50       3        
P6084    12       76       27       
P6085    26       1        27       
P6086    100      12       80       
P6087    72       74       6        
P6088    81       30       85       
P6089    73       65       66       
P6090    21       30       42       
P6091    73       38       25       
P6092    47       30       21       
P6093    33       34       70       
P6094    91       9        57       
P6095    97       24       55       
P6096    53       35       52       
P6097    90       6        28       
P6098    56       35       95       
P6099    55       85       12       
P6100    33       9        66       
P6101    80       92       10       
P6102    43       100      18       
P6103    25       85       96       
P6104    29       80       90       
P6105    18       64       16       
P6106    78       15       18       
P6107    22       80       23       
P6108    78       36       63       
P6109    32       51       59       
P6110    32       76       84       
P6111    61       83       36       
P6112    13       92       26       
P6113    53       90       89       
P6114    9        32       32       
P6115    24       75       2        
P6116    33       69       69       
P6117    79       31       56       
P6118    83       97       71       
P6119    98       48       65       
P6120    37       99       68       
P6121    97       36       65       
P6122    13       41       48       
P6123    95       61       68       
P6124    7        67       24       
P6125    8        58       26       
P6126    74       86       69       
P6127    88       85       47       
P6128    50       1        56       
P6129    34       78       68       
P6130    59       3        57       
P6131    3        79       15       
P6132    89       89       23       
P6133    32       31       2        
P6134    50       69       78       
P6135    98       72       69       
P6136    72       61       91       
P6137    60       99       86       
P6138    17       46       73       
P6139    32       41       36       
P6140    89       93       72       
P6141    78       39       19       
P6142    23       91       14       
P6143    13       47       36       
P6144    36       55       56       
P6145    52       98       6        
P6146    18       10       27       
P6147    18       22       33       
P6148    88       90       30       
P6149    8        90       34       
P6150    13       21       59       
P6151    37       50       33       
P6152    90       55       55       
P6153    47       75       78       
P6154    9        18       84       
P6155    88       59       73       
P6156    88       59       9        
P6157    41       9        61       
P6158    76       77       71       
P6159    37       83       79       
P6160    91       87       33       
P6161    19       65       41       
P6162    6        49       72       
P6163    54       79       36       
P6164    21       15       23       
P6165    54       71       30       
P6166    72       64       75       
P6167    54       47       86       
P6168    27       46       80       
P6169    72       96       14       
P6170    70       76       13       
P6171    79       55       57       
P6172    78       72       95       
P6173    93       63       61       
P6174    44       54       39       
P6175    73       11       51       
P6176    42       64       69       
P6177    93       87       62       
P6178    13       46       37       
P6179    64       94       99       
P6180    76       9        65       
P6181    9        24       42       
P6182    77       10       83       
P6183    6        18       70       
P6184    1        28       48       
P6185    26       94       30       
P6186    49       89       59       
P6187    76       88       60       
P6188    49       67       46       
P6189    72       19       81       
P6190    10       8        46       
P6191    66       36       30       
P6192    48       31       97       
P6193    52       87       31       
P6194    99       19       64       
P6195    95       69       78       
P6196    85       8        91       
P6197    17       42       56       
P6198    36       98       72       
P6199    46       35       25       
P6200    8        71       8        
P6201    24       43       73       
P6202    20       38       57       
P6203    83       77       90       
P6204    38       68       26       
P6205    77       69       29       
P6206    82       99       80       
P6207    54       11       19       
P6208    69       69       25       
P6209    29       16       66       
P6210    56       21       90       
P6211    98       96       4        
P6212    78       95       57       
P6213    98       11       6        
P6214    56       27       1        
P6215    80       6        39       
P6216    76       79       43       
P6217    26       64       89       
P6218    73       78       95       
P6219    7        51       2        
P6220    42       39       21       
P6221    75       80       20       
P6222    63       6        92       
P6223    7        30       85       
P6224    81       88       11       
P6225    61       59       11       
P6226    8        26       98       
P6227    81       44       5        
P6228    68       35       75       
P6229    6        20       97       
P6230    14       29       78       
P6231    77       33       92       
P6232    65       3        4        
P6233    19       95       34       
P6234    89       92       9        
P6235    8        72       83       
P6236    81       78       91       
P6237    61       64       59       
P6238    57       22       16       
P6239    82       11       56       
P6240    47       89       31       
P6241    3        67       93       
P6242    93       43       6        
P6243    85       75       68       
P6244    94       94       99       
P6245    83       25       67       
P6246    53       89       6        
P6247    16       92       89       
P6248    53       37       3        
P6249    59       1        46       
P6250    21       100      22       
P6251    45       80       54       
P6252    13       34       68       
P6253    32       88       83       
P6254    60       67       54       
P6255    93       3        41       
P6256    7        49       64       
P6257    31       86       41       
P6258    35       69       16       
P6259    66       16       42       
P6260    23       69       11       
P6261    17       15       22       
P6262    39       3        80       
P6263    97       59       20       
P6264    97       16       3        
P6265    26       41       78       
P6266    35       62       5        
P6267    14       95       33       
P6268    62       69       51       
P6269    54       25       79       
P6270    26       77       65       
P6271    21       78       8        
P6272    91       55       79       
P6273    51       38       88       
P6274    78       15       66       
P6275    59       88       4        
P6276    67       34       100      
P6277    75       44       30       
P6278    81       95       33       
P6279    49       41       40       
P6280    55       20       52       
P6281    50       75       17       
P6282    45       36       18       
P6283    18       60       40       
P6284    24       45       32       
P6285    28       95       11       
P6286    8        92       87       
P6287    96       29       55       
P6288    68       28       98       
P6289    9        68       40       
P6290    9        2        8        
P6291    41       42       31       
P6292    89       54       38       
P6293    26       64       45       
P6294    62       48       100      
P6295    35       54       20       
P6296    24       9        69       
P6297    16       69       44       
P6298    19       56       25       
P6299    41       87       23       
P6300    14       78       78       
P6301    60       54       53       
P6302    80       94       4        
P6303    10       54       29       
P6304    85       29       78       
P6305    13       21       66       
P6306    52       19       9        
P6307    37       33       10       
P6308    78       42       18       
P6309    15       75       77       
P6310    34       57       31       
P6311    64       57       75       
P6312    62       89       58       
P6313    90       56       15       
P6314    1        86       93       
P6315    38       46       9        
P6316    52       99       61       
P6317    7        21       47       
P6318    95       52       45       
P6319    71       81       34       
P6320    22       68       73       
P6321    63       88       45       
P6322    34       19       73       
P6323    45       93       70       
P6324    28       33       10       
P6325    68       24       52       
P6326    88       99       88       
P6327    25       86       87       
P6328    66       18       15       
P6329    41       79       30       
P6330    85       41       74       
P6331    9        10       13       
P6332    85       85       88       
P6333    31       73       57       
P6334    12       44       28       
P6335    10       26       12       
P6336    34       54       83       
P6337    34       85       40       
P6338    75       33       27       
P6339    75       1        65       
P6340    62       31       14       
P6341    95       83       66       
P6342    35       47       24       
P6343    52       20       56       
P6344    99       25       38       
P6345    3        49       40       
P6346    12       86       90       
P6347    13       59       52       
P6348    40       69       23       
P6349    53       67       46       
P6350    26       71       29       
P6351    46       39       21       
P6352    44       29       43       
P6353    13       71       19       
P6354    94       97       23       
P6355    56       1        95       
P6356    82       90       98       
P6357    89       6        73       
P6358    64       35       72       
P6359    15       7        80       
P6360    67       35       56       
P6361    25       34       20       
P6362    29       46       55       
P6363    39       55       83       
P6364    14       13       9        
P6365    71       60       75       
P6366    89       23       27       
P6367    9        77       49       
P6368    88       6        94       
P6369    45       22       50       
P6370    51       54       16       
P6371    29       53       74       
P6372    89       16       4        
P6373    87       54       95       
P6374    1        86       88       
P6375    30       22       77       
P6376    36       90       12       
P6377    81       5        23       
P6378    52       43       66       
P6379    91       26       13       
P6380    77       46       62       
P6381    10       80       26       
P6382    60       42       22       
P6383    91       19       87       
P6384    82       95       43       
P6385    76       37       71       
P6386    13       100      94       
P6387    65       39       24       
P6388    11       82       45       
P6389    59       14       26       
P6390    38       99       42       
P6391    60       25       88       
P6392    96       32       29       
P6393    37       74       43       
P6394    55       87       79       
P6395    61       7        78       
P6396    26       10       41       
P6397    47       81       31       
P6398    27       4        18       
P6399    86       73       44       
P6400    45       21       68       
P6401    58       15       67       
P6402    87       13       28       
P6403    96       12       43       
P6404    25       46       8        
P6405    74       41       94       
P6406    7        48       62       
P6407    1        91       3        
P6408    75       74       15       
P6409    25       81       5        
P6410    63       86       75       
P6411    100      15       84       
P6412    23       27       18       
P6413    85       84       5        
P6414    78       60       21       
P6415    51       53       97       
P6416    80       53       6        
P6417    31       53       76       
P6418    26       87       30       
P6419    68       27       83       
P6420    84       1        32       
P6421    98       88       53       
P6422    31       4        100      
P6423    72       4        91       
P6424    28       77       37       
P6425    84       13       83       
P6426    75       59       68       
P6427    80       68       73       
P6428    72       57       60       
P6429    12       67       97       
P6430    83       42       96       
P6431    25       52       48       
P6432    24       6        44       
P6433    42       74       15       
P6434    21       36       39       
P6435    94       67       99       
P6436    58       92       46       
P6437    33       53       41       
P6438    38       24       34       
P6439    82       55       46       
P6440    86       7        23       
P6441    42       57       13       
P6442    19       31       23       
P6443    57       43       2        
P6444    21       75       38       
P6445    83       51       97       
P6446    23       93       78       
P6447    64       77       95       
P6448    19       9        94       
P6449    70       48       87       
P6450    23       40       75       
P6451    4        84       79       
P6452    73       22       68       
P6453    76       88       52       
P6454    66       4        50       
P6455    45       7        25       
P6456    98       90       45       
P6457    38       33       75       
P6458    73       92       81       
P6459    76       38       28       
P6460    25       90       13       
P6461    98       78       90       
P6462    36       49       18       
P6463    3        3        18       
P6464    69       99       27       
P6465    100      64       39       
P6466    24       9        14       
P6467    56       73       2        
P6468    1        47       9        
P6469    76       17       46       
P6470    53       31       22       
P6471    61       53       9        
P6472    71       67       77       
P6473    28       12       76       
P6474    50       54       84       
P6475    84       81       34       
P6476    56       75       20       
P6477    40       1        25       
P6478    51       17       17       
P6479    34       7        16       
P6480    1        2        31       
P6481    25       74       59       
P6482    67       85       2        
P6483    67       2        85       
P6484    58       78       87       
P6485    71       35       69       
P6486    24       42       25       
P6487    12       4        89       
P6488    12       43       71       
P6489    79       78       63       
P6490    33       80       47       
P6491    73       12       72       
P6492    21       72       2        
P6493    41       71       32       
P6494    95       30       36       
P6495    67       50       74       
P6496    20       99       96       
P6497    32       36       59       
P6498    3        33       32       
P6499    43       30       65       
P6500    54       87       11       
P6501    39       41       63       
P6502    4        35       36       
P6503    85       39       50       
P6504    41       52       72       
P6505    44       79       17       
P6506    5        51       56       
P6507    38       10       20       
P6508    40       27       14       
P6509    3        83       48       
P6510    11       21       13       
P6511    80       26       98       
P6512    76       68       23       
P6513    85       66       77       
P6514    1        43       82       
P6515    36       1        95       
P6516    54       32       10       
P6517    1        35       14       
P6518    88       90       93       
P6519    76       61       100      
P6520    46       60       82       
P6521    64       94       40       
P6522    74       4        56       
P6523    84       26       56       
P6524    8        64       57       
P6525    100      92       16       
P6526    55       28       42       
P6527    86       34       36       
P6528    61       94       60       
P6529    3        84       14       
P6530    60       32       8        
P6531    9        79       70       
P6532    13       59       35       
P6533    22       17       78       
P6534    100      35       29       
P6535    18       55       83       
P6536    13       52       40       
P6537    1        18       73       
P6538    12       85       86       
P6539    7        37       33       
P6540    60       26       30       
P6541    18       79       80       
P6542    34       60       11       
P6543    59       92       35       
P6544    91       11       53       
P6545    77       69       20       
P6546    15       21       7        
P6547    55       78       39       
P6548    18       12       73       
P6549    56       34       77       
P6550    87       61       74       
P6551    30       72       50       
P6552    18       33       7        
P6553    32       63       34       
P6554    90       72       74       
P6555    75       61       12       
P6556    53       53       12       
P6557    9        43       70       
P6558    8        35       15       
P6559    44       37       20       
P6560    49       16       98       
P6561    91       97       97       
P6562    45       97       92       
P6563    16       19       39       
P6564    13       47       64       
P6565    100      93       18       
P6566    60       91       76       
P6567    77       86       56       
P6568    85       73       66       
P6569    27       92       16       
P6570    39       37       6        
P6571    48       22       16       
P6572    89       96       6        
P6573    39       51       84       
P6574    1        10       94       
P6575    58       39       4        
P6576    86       7        50       
P6577    62       43       93       
P6578    27       85       97       
P6579    32       73       61       
P6580    2        48       32       
P6581    24       35       48       
P6582    19       14       75       
P6583    13       95       3        
P6584    65       22       81       
P6585    71       41       48       
P6586    15       79       3        
P6587    11       88       21       
P6588    89       24       13       
P6589    50       95       75       
P6590    71       23       43       
P6591    12       11       1        
P6592    2        45       90       
P6593    46       6        91       
P6594    79       98       44       
P6595    18       91       4        
P6596    79       44       43       
P6597    54       98       26       
P6598    100      23       6        
P6599    58       25       91       
P6600    6        77       82       
P6601    87       14       29       
P6602    54       71       21       
P6603    59       94       81       
P6604    59       90       63       
P6605    75       10       16       
P6606    23       59       47       
P6607    2        5        25       
P6608    85       20       84       
P6609    62       95       55       
P6610    90       9        48       
P6611    63       20       55       
P6612    29       73       3        
P6613    47       98       78       
P6614    59       61       41       
P6615    23       91       91       
P6616    12       3        93       
P6617    14       25       87       
P6618    82       83       77       
P6619    21       71       21       
P6620    23       92       17       
P6621    36       100      5        
P6622    51       65       80       
P6623    55       2        4        
P6624    82       37       85       
P6625    24       16       56       
P6626    10       17       90       
P6627    21       38       12       
P6628    70       62       29       
P6629    48       94       28       
P6630    29       48       55       
P6631    56       82       15       
P6632    41       63       86       
P6633    3        87       52       
P6634    32       75       89       
P6635    2        36       80       
P6636    5        48       85       
P6637    30       68       32       
P6638    8        20       6        
P6639    35       64       85       
P6640    5        10       43       
P6641    79       6        95       
P6642    100      78       37       
P6643    48       2        27       
P6644    60       34       89       
P6645    27       59       59       
P6646    16       71       67       
P6647    84       36       5        
P6648    62       1        29       
P6649    64       39       86       
P6650    59       94       87       
P6651    79       11       54       
P6652    96       86       44       
P6653    50       98       45       
P6654    1        48       92       
P6655    16       69       81       
P6656    80       92       50       
P6657    79       23       14       
P6658    50       47       71       
P6659    51       24       15       
P6660    72       36       68       
P6661    14       23       3        
P6662    83       97       94       
P6663    8        2        19       
P6664    81       54       60       
P6665    61       73       18       
P6666    55       56       60       
P6667    35       29       2        
P6668    28       81       84       
P6669    3        17       100      
P6670    17       72       78       
P6671    24       65       69       
P6672    60       93       14       
P6673    85       43       21       
P6674    41       4        50       
P6675    79       100      48       
P6676    30       49       84       
P6677    17       78       6        
P6678    24       50       18       
P6679    5        94       50       
P6680    75       66       52       
P6681    45       47       82       
P6682    27       17       54       
P6683    75       8        32       
P6684    100      69       46       
P6685    94       49       44       
P6686    92       76       24       
P6687    99       51       88       
P6688    44       58       77       
P6689    49       30       2        
P6690    91       31       100      
P6691    94       42       69       
P6692    74       78       77       
P6693    35       88       43       
P6694    77       63       36       
P6695    17       61       16       
P6696    42       68       12       
P6697    65       42       59       
P6698    14       64       9        
P6699    59       76       18       
P6700    8        9        84       
P6701    71       5        35       
P6702    69       76       80       
P6703    85       40       29       
P6704    16       93       81       
P6705    46       64       32       
P6706    77       39       73       
P6707    56       60       94       
P6708    48       86       94       
P6709    13       12       21       
P6710    23       88       38       
P6711    61       1        62       
P6712    75       3        83       
P6713    17       20       82       
P6714    28       59       32       
P6715    95       4        33       
P6716    74       82       55       
P6717    2        37       36       
P6718    76       53       15       
P6719    58       38       52       
P6720    74       72       11       
P6721    73       58       95       
P6722    41       55       24       
P6723    4        7        62       
P6724    15       37       92       
P6725    92       65       75       
P6726    47       76       33       
P6727    92       99       18       
P6728    60       36       37       
P6729    1        62       26       
P6730    16       17       60       
P6731    75       9        68       
P6732    96       73       1        
P6733    26       65       63       
P6734    49       10       96       
P6735    19       5        81       
P6736    55       11       1        
P6737    36       18       8        
P6738    68       78       17       
P6739    95       22       78       
P6740    46       42       73       
P6741    67       100      31       
P6742    12       29       99       
P6743    41       97       16       
P6744    42       32       77       
P6745    85       55       67       
P6746    79       14       95       
P6747    33       49       99       
P6748    92       76       83       
P6749    3        35       63       
P6750    94       52       42       
P6751    50       88       74       
P6752    39       40       16       
P6753    15       71       38       
P6754    4        21       99       
P6755    23       15       39       
P6756    45       29       61       
P6757    90       59       65       
P6758    1        30       16       
P6759    76       19       8        
P6760    31       38       35       
P6761    27       71       95       
P6762    18       4        29       
P6763    97       1        56       
P6764    13       45       27       
P6765    64       48       79       
P6766    100      40       65       
P6767    81       100      65       
P6768    99       5        49       
P6769    14       12       2        
P6770    66       74       78       
P6771    97       32       59       
P6772    35       84       7        
P6773    66       45       32       
P6774    27       3        72       
P6775    53       10       86       
P6776    24       42       35       
P6777    60       80       16       
P6778    87       76       25       
P6779    71       91       89       
P6780    15       100      41       
P6781    60       94       99       
P6782    82       40       41       
P6783    46       79       30       
P6784    73       47       47       
P6785    80       28       86       
P6786    24       86       1        
P6787    78       32       55       
P6788    69       33       20       
P6789    74       96       92       
P6790    8        53       62       
P6791    90       43       87       
P6792    36       46       51       
P6793    18       26       7        
P6794    41       48       96       
P6795    95       43       19       
P6796    18       80       22       
P6797    5        77       99       
P6798    58       53       72       
P6799    16       52       68       
P6800    16       72       1        
P6801    52       72       22       
P6802    46       19       56       
P6803    64       49       5        
P6804    33       93       37       
P6805    79       97       56       
P6806    13       88       74       
P6807    44       3        94       
P6808    38       91       76       
P6809    14       62       94       
P6810    82       86       68       
P6811    43       45       84       
P6812    78       86       95       
P6813    95       98       34       
P6814    98       61       23       
P6815    35       85       48       
P6816    90       53       36       
P6817    59       90       29       
P6818    24       94       74       
P6819    28       23       11       
P6820    2        26       44       
P6821    15       54       92       
P6822    52       47       39       
P6823    77       38       72       
P6824    69       3        80       
P6825    67       54       98       
P6826    43       87       93       
P6827    16       84       48       
P6828    45       91       65       
P6829    80       86       3        
P6830    48       34       41       
P6831    56       95       80       
P6832    52       24       82       
P6833    87       99       15       
P6834    94       77       63       
P6835    37       22       25       
P6836    89       69       36       
P6837    10       80       27       
P6838    81       79       16       
P6839    98       18       25       
P6840    50       48       88       
P6841    64       6        60       
P6842    95       60       91       
P6843    55       43       10       
P6844    43       97       96       
P6845    50       39       10       
P6846    8        44       65       
P6847    24       71       48       
P6848    33       39       39       
P6849    48       97       43       
P6850    58       89       99       
P6851    59       46       13       
P6852    45       67       67       
P6853    67       15       85       
P6854    24       86       22       
P6855    78       19       52       
P6856    52       83       87       
P6857    16       5        91       
P6858    73       67       81       
P6859    51       39       60       
P6860    91       89       86       
P6861    51       30       72       
P6862    2        94       59       
P6863    100      96       23       
P6864    64       58       47       
P6865    46       56       78       
P6866    72       31       8        
P6867    64       49       58       
P6868    74       51       34       
P6869    91       72       5        
P6870    3        77       27       
P6871    24       21       51       
P6872    38       78       92       
P6873    97       7        7        
P6874    17       25       74       
P6875    93       46       1        
P6876    46       61       23       
P6877    30       5        13       
P6878    56       56       39       
P6879    87       57       1        
P6880    34       15       61       
P6881    80       56       65       
P6882    52       46       98       
P6883    10       64       47       
P6884    54       17       87       
P6885    19       85       15       
P6886    36       57       96       
P6887    40       3        62       
P6888    96       33       75       
P6889    27       76       3        
P6890    7        9        79       
P6891    90       100      1        
P6892    87       39       87       
P6893    36       90       12       
P6894    38       89       11       
P6895    65       94       69       
P6896    29       36       85       
P6897    13       13       30       
P6898    81       38       53       
P6899    97       34       80       
P6900    22       23       40       
P6901    94       42       62       
P6902    96       60       31       
P6903    38       65       56       
P6904    29       59       15       
P6905    65       95       59       
P6906    58       71       30       
P6907    8        49       37       
P6908    69       71       65       
P6909    39       44       17       
P6910    25       81       72       
P6911    32       19       48       
P6912    61       34       18       
P6913    70       100      7        
P6914    28       46       73       
P6915    41       78       48       
P6916    32       67       6        
P6917    67       15       70       
P6918    48       76       28       
P6919    56       91       61       
P6920    57       85       68       
P6921    95       91       49       
P6922    33       28       91       
P6923    51       24       9        
P6924    15       16       33       
P6925    67       44       32       
P6926    34       19       5        
P6927    90       55       24       
P6928    54       3        47       
P6929    32       91       20       
P6930    22       47       88       
P6931    81       95       15       
P6932    42       14       57       
P6933    26       67       98       
P6934    48       58       99       
P6935    19       91       55       
P6936    72       65       69       
P6937    28       67       95       
P6938    60       28       69       
P6939    99       93       68       
P6940    14       31       26       
P6941    37       89       36       
P6942    23       11       97       
P6943    88       41       93       
P6944    82       37       80       
P6945    94       5        8        
P6946    88       29       15       
P6947    59       87       69       
P6948    57       54       14       
P6949    7        37       78       
P6950    2        92       24       
P6951    57       9        64       
P6952    24       63       99       
P6953    85       73       66       
P6954    87       38       93       
P6955    56       26       51       
P6956    12       5        28       
P6957    26       30       52       
P6958    86       84       40       
P6959    36       25       94       
P6960    99       64       2        
P6961    24       73       23       
P6962    25       67       8        
P6963    94       51       28       
P6964    73       16       59       
P6965    16       66       97       
P6966    25       59       17       
P6967    84       37       97       
P6968    41       10       55       
P6969    75       94       43       
P6970    88       29       53       
P6971    64       73       72       
P6972    98       48       47       
P6973    87       55       89       
P6974    55       95       74       
P6975    66       14       52       
P6976    58       82       86       
P6977    20       26       92       
P6978    97       71       100      
P6979    22       99       53       
P6980    66       17       92       
P6981    67       24       19       
P6982    39       8        2        
P6983    64       70       48       
P6984    67       51       43       
P6985    80       63       33       
P6986    36       49       97       
P6987    36       35       24       
P6988    22       69       12       
P6989    87       87       60       
P6990    65       81       33       
P6991    30       57       88       
P6992    16       41       76       
P6993    100      37       36       
P6994    59       9        41       
P6995    5        35       2        
P6996    72       88       41       
P6997    40       83       55       
P6998    82       65       54       
P6999    12       68       46       
P7000    17       20       61       
P7001    81       30       96       
P7002    14       57       24       
P7003    18       5        32       
P7004    84       87       46       
P7005    51       45       40       
P7006    76       48       62       
P7007    63       40       68       
P7008    99       54       97       
P7009    29       56       36       
P7010    47       31       76       
P7011    33       35       52       
P7012    74       17       76       
P7013    66       86       17       
P7014    89       4        62       
P7015    41       54       53       
P7016    15       65       33       
P7017    36       96       55       
P7018    58       50       91       
P7019    35       66       83       
P7020    12       41       49       
P7021    87       22       60       
P7022    75       21       72       
P7023    8        87       42       
P7024    53       63       56       
P7025    96       36       26       
P7026    44       23       55       
P7027    79       89       49       
P7028    27       59       95       
P7029    42       50       12       
P7030    32       98       73       
P7031    56       80       70       
P7032    5        1        86       
P7033    22       12       94       
P7034    15       2        92       
P7035    92       86       64       
P7036    21       23       20       
P7037    43       53       40       
P7038    22       35       10       
P7039    51       22       15       
P7040    19       30       39       
P7041    72       75       60       
P7042    22       79       7        
P7043    92       82       2        
P7044    43       86       71       
P7045    45       9        48       
P7046    91       77       13       
P7047    91       1        2        
P7048    89       29       8        
P7049    5        89       63       
P7050    20       49       12       
P7051    73       8        72       
P7052    23       17       83       
P7053    78       62       57       
P7054    53       69       32       
P7055    100      83       8        
P7056    50       55       15       
P7057    53       33       42       
P7058    80       59       19       
P7059    82       65       85       
P7060    57       40       64       
P7061    33       83       56       
P7062    49       85       20       
P7063    39       37       12       
P7064    72       63       62       
P7065    83       71       80       
P7066    93       58       80       
P7067    12       7        1        
P7068    36       37       24       
P7069    35       43       27       
P7070    34       50       37       
P7071    93       51       75       
P7072    85       48       84       
P7073    93       94       67       
P7074    78       25       70       
P7075    75       33       40       
P7076    1        71       38       
P7077    88       32       36       
P7078    30       65       91       
P7079    62       19       29       
P7080    60       52       84       
P7081    28       86       2        
P7082    97       74       14       
P7083    33       68       55       
P7084    6        72       26       
P7085    40       84       53       
P7086    2        4        38       
P7087    4        37       9        
P7088    36       31       44       
P7089    62       25       59       
P7090    3        23       47       
P7091    8        58       99       
P7092    15       36       5        
P7093    6        86       19       
P7094    60       55       15       
P7095    90       38       33       
P7096    78       13       61       
P7097    87       21       75       
P7098    40       2        33       
P7099    25       69       38       
P7100    79       28       4        
P7101    57       29       12       
P7102    100      27       57       
P7103    89       13       73       
P7104    61       2        67       
P7105    17       2        69       
P7106    26       94       63       
P7107    70       27       73       
P7108    62       36       36       
P7109    98       43       6        
P7110    17       7        44       
P7111    51       63       56       
P7112    68       16       70       
P7113    16       66       95       
P7114    62       100      7        
P7115    1        42       24       
P7116    54       34       86       
P7117    68       77       5        
P7118    39       78       57       
P7119    76       81       74       
P7120    33       37       16       
P7121    3        48       38       
P7122    44       95       53       
P7123    87       32       6        
P7124    89       82       95       
P7125    61       44       61       
P7126    62       70       32       
P7127    36       13       21       
P7128    31       54       76       
P7129    30       59       78       
P7130    74       94       41       
P7131    87       47       83       
P7132    68       65       3        
P7133    95       56       55       
P7134    42       1        7        
P7135    21       66       4        
P7136    24       34       60       
P7137    54       15       64       
P7138    60       61       72       
P7139    81       92       57       
P7140    68       2        20       
P7141    37       46       68       
P7142    68       32       59       
P7143    70       35       52       
P7144    25       70       5        
P7145    29       7        63       
P7146    44       40       22       
P7147    60       75       64       
P7148    79       32       50       
P7149    84       94       6        
P7150    19       67       7        
P7151    41       63       95       
P7152    83       76       9        
P7153    56       97       87       
P7154    73       33       72       
P7155    17       76       42       
P7156    14       75       28       
P7157    98       36       87       
P7158    14       92       57       
P7159    46       49       76       
P7160    15       88       3        
P7161    72       48       26       
P7162    82       1        30       
P7163    38       57       57       
P7164    39       99       32       
P7165    22       61       8        
P7166    31       76       6        
P7167    54       79       30       
P7168    92       98       43       
P7169    46       60       21       
P7170    47       60       84       
P7171    8        5        64       
P7172    11       77       58       
P7173    59       73       79       
P7174    96       21       1        
P7175    86       34       29       
P7176    72       18       46       
P7177    32       2        38       
P7178    1        42       39       
P7179    62       70       10       
P7180    4        50       80       
P7181    18       5        86       
P7182    18       23       45       
P7183    18       74       80       
P7184    33       63       98       
P7185    50       45       9        
P7186    36       83       52       
P7187    96       81       96       
P7188    67       14       73       
P7189    77       69       51       
P7190    61       17       50       
P7191    16       33       22       
P7192    74       78       9        
P7193    86       10       86       
P7194    15       21       46       
P7195    86       80       3        
P7196    2        67       61       
P7197    14       95       42       
P7198    76       85       92       
P7199    54       68       49       
P7200    99       77       70       
P7201    37       66       47       
P7202    70       9        99       
P7203    39       90       51       
P7204    25       100      1        
P7205    41       28       75       
P7206    36       23       89       
P7207    52       87       2        
P7208    51       28       100      
P7209    91       2        55       
P7210    38       66       7        
P7211    95       19       95       
P7212    87       87       46       
P7213    18       76       22       
P7214    49       87       18       
P7215    28       44       57       
P7216    75       96       8        
P7217    44       4        80       
P7218    31       10       25       
P7219    6        67       31       
P7220    76       56       82       
P7221    93       93       42       
P7222    62       23       45       
P7223    33       51       78       
P7224    41       87       10       
P7225    23       2        63       
P7226    15       48       19       
P7227    67       19       69       
P7228    87       64       68       
P7229    51       6        11       
P7230    7        67       98       
P7231    9        33       70       
P7232    59       58       58       
P7233    9        68       47       
P7234    78       17       90       
P7235    6        57       93       
P7236    92       99       71       
P7237    43       72       21       
P7238    93       70       48       
P7239    55       3        84       
P7240    16       81       91       
P7241    65       89       34       
P7242    75       64       72       
P7243    23       91       38       
P7244    85       8        86       
P7245    74       30       23       
P7246    87       86       44       
P7247    7        99       85       
P7248    58       45       14       
P7249    34       10       49       
P7250    80       34       64       
P7251    98       75       83       
P7252    84       68       71       
P7253    19       80       69       
P7254    93       96       28       
P7255    41       81       13       
P7256    27       93       83       
P7257    23       7        24       
P7258    72       67       84       
P7259    93       27       63       
P7260    10       91       27       
P7261    52       62       26       
P7262    44       50       68       
P7263    46       82       12       
P7264    58       43       37       
P7265    12       80       76       
P7266    28       64       95       
P7267    69       44       86       
P7268    24       32       98       
P7269    84       84       43       
P7270    62       8        42       
P7271    40       67       91       
P7272    86       79       64       
P7273    23       48       37       
P7274    4        31       100      
P7275    74       41       91       
P7276    61       80       50       
P7277    60       87       75       
P7278    20       49       100      
P7279    58       69       73       
P7280    48       80       49       
P7281    93       86       56       
P7282    44       23       3        
P7283    91       57       64       
P7284    88       55       76       
P7285    11       36       62       
P7286    91       63       19       
P7287    93       4        23       
P7288    80       43       75       
P7289    46       38       50       
P7290    76       14       10       
P7291    4        27       98       
P7292    24       87       68       
P7293    39       67       91       
P7294    65       27       77       
P7295    34       59       21       
P7296    3        31       22       
P7297    65       75       20       
P7298    46       89       48       
P7299    45       3        43       
P7300    19       96       79       
P7301    58       80       30       
P7302    32       27       15       
P7303    62       77       59       
P7304    33       71       90       
P7305    59       50       61       
P7306    8        32       41       
P7307    12       22       62       
P7308    77       95       51       
P7309    17       84       68       
P7310    61       46       53       
P7311    1        8        85       
P7312    31       64       56       
P7313    100      32       100      
P7314    71       100      84       
P7315    23       75       35       
P7316    8        29       45       
P7317    29       90       86       
P7318    51       4        44       
P7319    81       4        64       
P7320    72       57       54       
P7321    61       39       8        
P7322    41       76       47       
P7323    8        31       77       
P7324    89       33       12       
P7325    50       61       34       
P7326    64       85       42       
P7327    16       75       39       
P7328    62       97       18       
P7329    29       92       23       
P7330    81       13       39       
P7331    92       65       47       
P7332    35       41       39       
P7333    19       44       59       
P7334    62       54       42       
P7335    74       86       84       
P7336    93       6        58       
P7337    43       88       64       
P7338    9        71       13       
P7339    89       73       100      
P7340    78       87       41       
P7341    89       23       16       
P7342    46       67       85       
P7343    73       93       73       
P7344    78       13       43       
P7345    83       50       6        
P7346    97       54       2        
P7347    61       23       39       
P7348    47       33       33       
P7349    29       51       58       
P7350    82       80       29       
P7351    68       29       32       
P7352    63       79       69       
P7353    31       17       83       
P7354    84       27       72       
P7355    89       64       80       
P7356    81       33       19       
P7357    22       41       47       
P7358    33       20       94       
P7359    17       80       99       
P7360    24       63       36       
P7361    7        53       14       
P7362    77       81       50       
P7363    15       78       86       
P7364    80       27       60       
P7365    60       20       92       
P7366    76       45       80       
P7367    27       62       93       
P7368    66       26       91       
P7369    98       90       82       
P7370    90       4        59       
P7371    37       3        43       
P7372    27       81       60       
P7373    88       18       21       
P7374    30       56       21       
P7375    58       8        96       
P7376    69       46       95       
P7377    70       22       97       
P7378    22       73       93       
P7379    92       29       40       
P7380    30       55       34       
P7381    62       82       76       
P7382    83       22       58       
P7383    54       67       46       
P7384    21       49       75       
P7385    12       41       42       
P7386    65       13       70       
P7387    31       85       71       
P7388    11       66       89       
P7389    62       26       31       
P7390    11       96       58       
P7391    52       37       45       
P7392    75       32       76       
P7393    87       87       92       
P7394    74       74       28       
P7395    34       7        16       
P7396    39       89       11       
P7397    96       68       59       
P7398    59       93       64       
P7399    2        61       55       
P7400    28       32       41       
P7401    33       11       6        
P7402    78       38       28       
P7403    48       19       9        
P7404    53       44       8        
P7405    33       84       82       
P7406    29       79       96       
P7407    87       49       40       
P7408    4        45       71       
P7409    42       100      58       
P7410    54       61       25       
P7411    10       36       87       
P7412    80       52       22       
P7413    1        23       34       
P7414    38       58       56       
P7415    40       98       59       
P7416    31       99       93       
P7417    85       79       70       
P7418    28       50       4        
P7419    86       67       55       
P7420    96       32       62       
P7421    60       79       92       
P7422    54       26       42       
P7423    2        81       45       
P7424    65       44       15       
P7425    97       85       98       
P7426    44       43       78       
P7427    30       15       98       
P7428    56       24       48       
P7429    97       33       42       
P7430    38       80       15       
P7431    78       30       26       
P7432    64       73       81       
P7433    50       72       73       
P7434    23       83       86       
P7435    87       69       82       
P7436    28       13       73       
P7437    62       57       90       
P7438    3        34       20       
P7439    8        96       59       
P7440    39       89       72       
P7441    42       50       24       
P7442    65       54       54       
P7443    70       80       79       
P7444    75       76       87       
P7445    22       58       98       
P7446    52       85       67       
P7447    10       34       43       
P7448    71       5        70       
P7449    1        14       63       
P7450    85       76       58       
P7451    95       17       35       
P7452    28       8        93       
P7453    30       54       55       
P7454    43       65       37       
P7455    75       9        34       
P7456    25       75       13       
P7457    26       52       16       
P7458    54       75       2        
P7459    37       95       55       
P7460    39       44       67       
P7461    41       10       55       
P7462    29       97       41       
P7463    16       55       30       
P7464    13       87       59       
P7465    100      9        66       
P7466    71       73       43       
P7467    96       14       21       
P7468    35       67       98       
P7469    57       97       27       
P7470    81       100      42       
P7471    75       81       1        
P7472    54       22       49       
P7473    42       30       40       
P7474    55       43       65       
P7475    72       30       100      
P7476    44       78       15       
P7477    60       31       98       
P7478    37       34       19       
P7479    27       86       98       
P7480    51       75       74       
P7481    16       43       4        
P7482    4        41       40       
P7483    96       3        40       
P7484    54       78       32       
P7485    81       3        12       
P7486    13       57       33       
P7487    6        18       82       
P7488    47       68       32       
P7489    69       92       77       
P7490    62       53       6        
P7491    84       94       11       
P7492    3        60       19       
P7493    41       6        32       
P7494    33       17       1        
P7495    16       99       11       
P7496    95       96       1        
P7497    11       41       10       
P7498    35       100      17       
P7499    24       37       50       
P7500    87       88       25       
P7501    99       8        36       
P7502    47       41       61       
P7503    5        83       96       
P7504    94       40       54       
P7505    23       44       97       
P7506    63       73       12       
P7507    80       81       14       
P7508    34       38       71       
P7509    17       75       40       
P7510    67       25       79       
P7511    100      8        63       
P7512    42       81       14       
P7513    91       82       53       
P7514    76       79       98       
P7515    42       38       92       
P7516    95       65       85       
P7517    36       12       43       
P7518    29       11       11       
P7519    91       42       51       
P7520    35       57       22       
P7521    86       93       93       
P7522    26       30       96       
P7523    24       96       51       
P7524    9        84       94       
P7525    61       23       51       
P7526    78       66       16       
P7527    17       85       100      
P7528    82       47       93       
P7529    20       81       84       
P7530    75       82       2        
P7531    7        91       5        
P7532    16       8        61       
P7533    51       66       12       
P7534    44       78       78       
P7535    13       64       2        
P7536    42       87       20       
P7537    51       85       56       
P7538    55       80       89       
P7539    18       58       82       
P7540    31       42       27       
P7541    7        64       6        
P7542    92       78       8        
P7543    56       62       43       
P7544    20       23       98       
P7545    68       54       64       
P7546    23       48       49       
P7547    61       50       49       
P7548    82       58       34       
P7549    73       87       84       
P7550    30       69       54       
P7551    43       94       41       
P7552    37       61       67       
P7553    33       34       89       
P7554    64       38       42       
P7555    43       66       58       
P7556    100      93       94       
P7557    44       85       15       
P7558    62       71       30       
P7559    11       15       30       
P7560    22       27       87       
P7561    78       21       49       
P7562    3        5        37       
P7563    70       47       62       
P7564    21       12       81       
P7565    95       36       13       
P7566    48       34       49       
P7567    68       91       89       
P7568    25       59       54       
P7569    12       73       84       
P7570    57       48       19       
P7571    98       24       63       
P7572    92       23       39       
P7573    99       44       91       
P7574    72       58       46       
P7575    32       34       6        
P7576    6        61       52       
P7577    77       88       62       
P7578    79       100      63       
P7579    26       65       34       
P7580    44       40       73       
P7581    58       90       48       
P7582    17       9        92       
P7583    46       42       54       
P7584    2        92       90       
P7585    15       64       65       
P7586    78       88       47       
P7587    39       31       76       
P7588    38       66       97       
P7589    48       54       31       
P7590    56       80       30       
P7591    83       87       61       
P7592    39       14       42       
P7593    61       12       20       
P7594    63       90       70       
P7595    75       57       58       
P7596    99       100      18       
P7597    9        21       66       
P7598    72       89       30       
P7599    5        83       43       
P7600    41       84       13       
P7601    62       24       30       
P7602    42       28       42       
P7603    71       51       69       
P7604    85       7        19       
P7605    33       38       78       
P7606    66       59       76       
P7607    23       54       88       
P7608    38       55       30       
P7609    14       48       53       
P7610    34       97       66       
P7611    99       85       36       
P7612    25       28       63       
P7613    8        51       57       
P7614    64       43       78       
P7615    75       2        44       
P7616    52       14       79       
P7617    51       22       44       
P7618    13       38       11       
P7619    66       19       41       
P7620    17       60       49       
P7621    15       79       37       
P7622    93       38       13       
P7623    45       46       81       
P7624    46       94       10       
P7625    1        19       2        
P7626    31       61       26       
P7627    55       30       72       
P7628    10       11       56       
P7629    6        93       27       
P7630    27       4        24       
P7631    70       61       8        
P7632    66       26       60       
P7633    15       89       17       
P7634    43       66       10       
P7635    23       88       97       
P7636    85       74       55       
P7637    52       22       53       
P7638    98       56       63       
P7639    66       11       56       
P7640    6        85       4        
P7641    85       29       97       
P7642    10       25       53       
P7643    5        82       61       
P7644    40       97       5        
P7645    99       89       28       
P7646    70       85       67       
P7647    62       5        72       
P7648    97       19       75       
P7649    9        9        31       
P7650    1        34       71       
P7651    90       19       54       
P7652    57       19       44       
P7653    14       37       20       
P7654    75       11       55       
P7655    16       92       93       
P7656    77       29       36       
P7657    11       62       87       
P7658    51       94       23       
P7659    79       81       81       
P7660    45       37       36       
P7661    45       36       32       
P7662    1        10       67       
P7663    39       14       54       
P7664    46       73       87       
P7665    13       65       66       
P7666    14       80       52       
P7667    82       46       94       
P7668    33       8        95       
P7669    45       84       87       
P7670    12       58       94       
P7671    4        49       48       
P7672    36       27       69       
P7673    8        80       97       
P7674    52       65       12       
P7675    33       3        91       
P7676    7        76       17       
P7677    27       16       2        
P7678    32       81       88       
P7679    45       37       94       
P7680    48       24       25       
P7681    70       37       33       
P7682    59       17       13       
P7683    73       23       58       
P7684    63       94       92       
P7685    32       47       99       
P7686    13       21       43       
P7687    5        5        82       
P7688    94       34       51       
P7689    50       44       50       
P7690    10       17       83       
P7691    49       75       71       
P7692    17       11       4        
P7693    24       62       64       
P7694    27       27       25       
P7695    97       68       15       
P7696    55       73       27       
P7697    32       52       45       
P7698    36       62       2        
P7699    14       86       28       
P7700    4        83       42       
P7701    64       92       83       
P7702    30       11       86       
P7703    98       24       82       
P7704    98       50       33       
P7705    86       81       22       
P7706    12       73       15       
P7707    37       36       98       
P7708    35       32       56       
P7709    59       96       45       
P7710    16       7        9        
P7711    89       49       38       
P7712    81       3        86       
P7713    97       21       91       
P7714    56       14       87       
P7715    61       58       5        
P7716    51       5        70       
P7717    63       97       88       
P7718    40       96       42       
P7719    67       85       72       
P7720    56       97       91       
P7721    78       62       67       
P7722    34       37       5        
P7723    3        3        48       
P7724    13       45       28       
P7725    29       51       13       
P7726    96       75       64       
P7727    87       80       68       
P7728    47       74       72       
P7729    94       13       49       
P7730    57       34       62       
P7731    8        15       75       
P7732    79       34       90       
P7733    1        55       87       
P7734    21       38       63       
P7735    28       12       35       
P7736    91       32       1        
P7737    20       67       35       
P7738    6        49       3        
P7739    51       18       60       
P7740    79       10       70       
P7741    60       30       51       
P7742    38       61       13       
P7743    56       48       35       
P7744    56       65       9        
P7745    74       18       88       
P7746    75       83       32       
P7747    56       28       92       
P7748    100      42       54       
P7749    53       79       74       
P7750    95       7        36       
P7751    75       68       19       
P7752    99       21       9        
P7753    88       39       75       
P7754    13       27       65       
P7755    79       61       63       
P7756    15       62       6        
P7757    25       80       18       
P7758    9        23       32       
P7759    50       10       29       
P7760    84       64       92       
P7761    61       45       2        
P7762    84       50       51       
P7763    24       37       60       
P7764    30       95       77       
P7765    28       40       42       
P7766    87       75       45       
P7767    25       77       98       
P7768    64       94       52       
P7769    28       3        61       
P7770    86       24       66       
P7771    81       36       51       
P7772    29       77       2        
P7773    98       96       82       
P7774    5        49       41       
P7775    42       52       15       
P7776    74       6        82       
P7777    89       48       49       
P7778    15       58       32       
P7779    32       41       77       
P7780    72       66       48       
P7781    51       29       29       
P7782    43       86       96       
P7783    20       42       79       
P7784    4        56       53       
P7785    83       73       54       
P7786    77       31       47       
P7787    79       94       29       
P7788    25       95       37       
P7789    44       23       7        
P7790    37       53       95       
P7791    50       58       30       
P7792    17       3        1        
P7793    96       35       37       
P7794    51       84       17       
P7795    26       65       70       
P7796    61       98       97       
P7797    64       26       80       
P7798    23       51       55       
P7799    61       39       13       
P7800    63       53       71       
P7801    8        36       51       
P7802    48       96       98       
P7803    65       7        62       
P7804    18       58       78       
P7805    1        88       36       
P7806    9        2        29       
P7807    50       27       76       
P7808    93       58       30       
P7809    91       58       33       
P7810    80       28       23       
P7811    52       30       15       
P7812    64       3        83       
P7813    9        99       89       
P7814    15       17       23       
P7815    7        55       75       
P7816    9        97       45       
P7817    99       22       55       
P7818    28       40       35       
P7819    21       57       85       
P7820    75       59       37       
P7821    74       46       88       
P7822    4        68       91       
P7823    58       95       86       
P7824    34       56       83       
P7825    15       28       2        
P7826    1        49       16       
P7827    62       90       81       
P7828    63       72       64       
P7829    47       35       1        
P7830    14       57       82       
P7831    53       49       46       
P7832    66       27       61       
P7833    68       80       86       
P7834    36       63       42       
P7835    21       14       2        
P7836    65       45       93       
P7837    80       77       7        
P7838    83       24       20       
P7839    17       30       14       
P7840    91       17       32       
P7841    7        81       17       
P7842    41       81       1        
P7843    63       23       19       
P7844    63       49       21       
P7845    39       70       54       
P7846    67       80       85       
P7847    99       58       84       
P7848    16       76       24       
P7849    96       22       3        
P7850    63       68       45       
P7851    75       35       79       
P7852    30       30       21       
P7853    42       72       9        
P7854    51       5        64       
P7855    18       67       70       
P7856    71       81       57       
P7857    31       12       96       
P7858    29       60       12       
P7859    88       53       86       
P7860    16       56       63       
P7861    71       23       77       
P7862    71       77       29       
P7863    73       61       86       
P7864    87       41       14       
P7865    22       96       94       
P7866    14       13       26       
P7867    91       49       85       
P7868    39       25       26       
P7869    9        39       57       
P7870    10       48       71       
P7871    86       49       71       
P7872    27       56       52       
P7873    61       21       57       
P7874    20       29       46       
P7875    43       51       3        
P7876    91       83       17       
P7877    24       89       24       
P7878    92       4        53       
P7879    9        41       14       
P7880    84       25       83       
P7881    3        94       33       
P7882    42       13       22       
P7883    67       83       47       
P7884    74       86       27       
P7885    93       69       90       
P7886    42       38       24       
P7887    79       57       90       
P7888    33       55       3        
P7889    95       75       28       
P7890    57       56       94       
P7891    13       77       43       
P7892    70       71       10       
P7893    4        4        16       
P7894    23       31       1        
P7895    96       65       69       
P7896    28       56       67       
P7897    36       23       90       
P7898    53       80       82       
P7899    98       1        45       
P7900    16       46       26       
P7901    10       58       76       
P7902    38       57       78       
P7903    98       44       93       
P7904    97       37       39       
P7905    6        45       52       
P7906    15       87       35       
P7907    39       62       93       
P7908    53       26       46       
P7909    25       8        39       
P7910    10       8        96       
P7911    60       22       29       
P7912    76       20       36       
P7913    43       26       54       
P7914    17       68       9        
P7915    11       13       26       
P7916    51       20       57       
P7917    71       46       72       
P7918    23       42       45       
P7919    93       44       14       
P7920    70       58       38       
P7921    67       40       5        
P7922    3        92       57       
P7923    91       6        98       
P7924    63       41       53       
P7925    100      7        78       
P7926    13       52       26       
P7927    83       22       95       
P7928    40       2        55       
P7929    61       7        78       
P7930    62       70       62       
P7931    33       37       86       
P7932    79       9        98       
P7933    100      83       26       
P7934    56       11       56       
P7935    45       75       14       
P7936    53       89       77       
P7937    84       54       38       
P7938    48       8        27       
P7939    47       69       64       
P7940    76       97       50       
P7941    50       51       15       
P7942    91       33       70       
P7943    73       10       28       
P7944    95       53       14       
P7945    100      54       69       
P7946    88       61       98       
P7947    26       26       3        
P7948    68       59       56       
P7949    44       49       77       
P7950    72       49       39       
P7951    43       9        6        
P7952    32       47       29       
P7953    23       92       96       
P7954    88       41       12       
P7955    15       57       39       
P7956    8        85       20       
P7957    97       89       63       
P7958    73       11       79       
P7959    49       57       23       
P7960    35       65       10       
P7961    38       17       43       
P7962    46       40       15       
P7963    6        9        2        
P7964    45       22       64       
P7965    2        76       66       
P7966    79       94       78       
P7967    14       42       47       
P7968    59       45       13       
P7969    61       48       32       
P7970    45       92       45       
P7971    82       99       57       
P7972    1        53       7        
P7973    71       26       36       
P7974    5        41       22       
P7975    83       69       92       
P7976    46       48       94       
P7977    75       1        94       
P7978    31       47       1        
P7979    83       18       86       
P7980    78       57       60       
P7981    20       8        42       
P7982    49       16       56       
P7983    30       1        17       
P7984    14       88       32       
P7985    76       58       24       
P7986    96       35       49       
P7987    74       9        96       
P7988    44       4        71       
P7989    68       33       11       
P7990    48       88       41       
P7991    38       48       66       
P7992    10       35       9        
P7993    85       25       85       
P7994    67       74       83       
P7995    88       86       99       
P7996    70       52       5        
P7997    18       95       31       
P7998    40       23       72       
P7999    5        65       47       
P8000    96       83       39       
P8001    9        82       46       
P8002    35       15       15       
P8003    46       28       70       
P8004    16       98       74       
P8005    99       9        26       
P8006    36       58       89       
P8007    35       80       93       
P8008    82       85       71       
P8009    15       84       43       
P8010    50       35       6        
P8011    60       31       43       
P8012    8        42       42       
P8013    22       53       71       
P8014    25       22       70       
P8015    41       50       16       
P8016    32       83       8        
P8017    53       95       78       
P8018    8        93       87       
P8019    54       83       35       
P8020    88       89       93       
P8021    37       23       94       
P8022    45       36       88       
P8023    16       24       36       
P8024    23       34       56       
P8025    44       6        3        
P8026    10       16       64       
P8027    50       96       80       
P8028    25       32       85       
P8029    94       87       47       
P8030    70       61       81       
P8031    51       7        85       
P8032    26       52       87       
P8033    82       57       67       
P8034    2        92       17       
P8035    26       81       70       
P8036    80       3        19       
P8037    56       33       53       
P8038    30       39       90       
P8039    41       25       47       
P8040    96       68       38       
P8041    52       18       14       
P8042    52       10       25       
P8043    100      55       43       
P8044    76       83       56       
P8045    3        70       44       
P8046    72       39       41       
P8047    33       81       47       
P8048    54       86       8        
P8049    82       19       69       
P8050    97       93       71       
P8051    8        98       76       
P8052    88       72       96       
P8053    76       91       96       
P8054    32       78       39       
P8055    64       17       37       
P8056    76       100      62       
P8057    19       9        77       
P8058    75       9        17       
P8059    58       22       70       
P8060    7        21       84       
P8061    11       4        1        
P8062    26       8        26       
P8063    4        10       36       
P8064    3        25       2        
P8065    42       5        47       
P8066    82       53       69       
P8067    54       49       77       
P8068    54       12       82       
P8069    8        52       85       
P8070    26       69       95       
P8071    40       88       46       
P8072    90       21       22       
P8073    62       40       39       
P8074    43       25       19       
P8075    83       94       93       
P8076    91       23       50       
P8077    59       78       66       
P8078    99       91       98       
P8079    29       34       53       
P8080    37       87       89       
P8081    28       98       34       
P8082    46       1        47       
P8083    69       94       49       
P8084    63       59       98       
P8085    48       81       33       
P8086    22       70       80       
P8087    9        19       88       
P8088    3        95       83       
P8089    72       61       88       
P8090    62       27       54       
P8091    63       4        15       
P8092    20       60       6        
P8093    89       30       60       
P8094    31       89       82       
P8095    3        64       93       
P8096    18       92       56       
P8097    21       13       7        
P8098    71       28       61       
P8099    90       21       40       
P8100    30       6        79       
P8101    40       44       94       
P8102    49       47       70       
P8103    8        31       85       
P8104    70       12       95       
P8105    26       82       95       
P8106    93       83       90       
P8107    72       39       73       
P8108    60       19       22       
P8109    90       98       43       
P8110    65       15       81       
P8111    62       97       4        
P8112    83       24       58       
P8113    90       47       4        
P8114    22       74       21       
P8115    19       76       56       
P8116    66       31       77       
P8117    31       49       1        
P8118    99       32       72       
P8119    49       89       78       
P8120    66       30       87       
P8121    73       23       88       
P8122    27       80       19       
P8123    81       74       81       
P8124    99       80       47       
P8125    31       37       74       
P8126    5        63       59       
P8127    40       27       40       
P8128    71       51       88       
P8129    77       98       67       
P8130    40       86       91       
P8131    62       4        70       
P8132    35       92       82       
P8133    51       56       20       
P8134    37       45       47       
P8135    18       53       13       
P8136    95       5        58       
P8137    11       8        5        
P8138    92       98       96       
P8139    53       22       96       
P8140    13       3        23       
P8141    51       36       80       
P8142    55       10       74       
P8143    47       46       26       
P8144    54       11       40       
P8145    4        62       12       
P8146    33       60       51       
P8147    24       95       96       
P8148    85       51       47       
P8149    95       80       65       
P8150    9        53       30       
P8151    4        69       35       
P8152    45       56       67       
P8153    37       91       16       
P8154    94       93       53       
P8155    40       61       59       
P8156    33       74       26       
P8157    95       98       42       
P8158    37       98       47       
P8159    48       53       36       
P8160    67       8        14       
P8161    4        40       18       
P8162    51       70       1        
P8163    86       90       7        
P8164    14       11       47       
P8165    83       76       60       
P8166    42       7        75       
P8167    58       70       22       
P8168    6        52       22       
P8169    9        13       30       
P8170    46       92       60       
P8171    89       64       45       
P8172    35       58       37       
P8173    67       73       94       
P8174    36       68       80       
P8175    17       56       72       
P8176    57       6        66       
P8177    58       29       50       
P8178    82       54       95       
P8179    54       40       97       
P8180    83       40       49       
P8181    12       33       27       
P8182    43       56       100      
P8183    19       54       55       
P8184    54       23       11       
P8185    72       32       57       
P8186    83       77       50       
P8187    60       33       22       
P8188    2        53       1        
P8189    15       79       68       
P8190    66       46       14       
P8191    19       55       27       
P8192    72       45       39       
P8193    73       50       33       
P8194    67       58       86       
P8195    90       60       56       
P8196    79       71       14       
P8197    22       53       28       
P8198    59       74       2        
P8199    35       61       68       
P8200    13       93       60       
P8201    93       21       30       
P8202    36       63       10       
P8203    48       52       16       
P8204    81       96       95       
P8205    78       6        31       
P8206    76       22       16       
P8207    47       9        74       
P8208    72       71       100      
P8209    45       62       53       
P8210    59       86       96       
P8211    83       62       28       
P8212    61       89       35       
P8213    64       51       4        
P8214    86       37       10       
P8215    53       55       26       
P8216    50       2        46       
P8217    27       43       98       
P8218    37       6        92       
P8219    85       1        45       
P8220    9        14       22       
P8221    92       34       40       
P8222    69       100      21       
P8223    20       69       55       
P8224    28       53       30       
P8225    76       85       71       
P8226    35       4        90       
P8227    22       98       11       
P8228    73       47       58       
P8229    33       1        5        
P8230    28       40       68       
P8231    6        64       34       
P8232    61       65       43       
P8233    33       54       60       
P8234    10       3        7        
P8235    26       70       90       
P8236    84       74       2        
P8237    88       86       32       
P8238    88       59       62       
P8239    18       72       64       
P8240    11       48       79       
P8241    4        62       93       
P8242    26       86       7        
P8243    69       58       96       
P8244    15       48       49       
P8245    73       68       100      
P8246    24       29       90       
P8247    7        90       59       
P8248    94       36       4        
P8249    25       76       84       
P8250    26       50       78       
P8251    22       13       32       
P8252    59       64       83       
P8253    81       90       58       
P8254    65       39       32       
P8255    20       75       9        
P8256    97       3        67       
P8257    10       88       61       
P8258    60       49       25       
P8259    54       26       42       
P8260    69       44       1        
P8261    20       30       87       
P8262    14       44       96       
P8263    34       65       26       
P8264    55       66       72       
P8265    75       46       64       
P8266    84       2        77       
P8267    91       95       61       
P8268    100      92       11       
P8269    9        37       22       
P8270    31       87       49       
P8271    42       76       81       
P8272    34       23       86       
P8273    23       12       71       
P8274    45       95       18       
P8275    10       15       85       
P8276    76       13       51       
P8277    57       64       12       
P8278    37       67       98       
P8279    81       97       51       
P8280    28       91       54       
P8281    70       31       54       
P8282    40       6        88       
P8283    17       13       95       
P8284    8        28       10       
P8285    48       23       10       
P8286    14       11       51       
P8287    22       53       73       
P8288    65       13       99       
P8289    2        40       90       
P8290    87       1        72       
P8291    26       18       57       
P8292    27       53       41       
P8293    70       26       27       
P8294    12       35       55       
P8295    68       25       90       
P8296    58       13       57       
P8297    83       30       91       
P8298    82       38       30       
P8299    87       7        7        
P8300    41       89       64       
P8301    60       55       11       
P8302    1        90       22       
P8303    58       66       98       
P8304    18       83       98       
P8305    51       97       19       
P8306    42       44       67       
P8307    85       69       79       
P8308    69       33       5        
P8309    82       5        26       
P8310    67       91       70       
P8311    42       33       54       
P8312    98       94       7        
P8313    91       31       1        
P8314    13       89       30       
P8315    34       38       91       
P8316    91       85       44       
P8317    27       33       64       
P8318    29       9        97       
P8319    19       95       86       
P8320    7        98       9        
P8321    40       29       63       
P8322    86       35       73       
P8323    38       70       98       
P8324    38       99       87       
P8325    64       19       39       
P8326    30       27       36       
P8327    7        56       79       
P8328    58       27       33       
P8329    47       17       33       
P8330    84       16       56       
P8331    94       16       52       
P8332    10       78       18       
P8333    98       28       29       
P8334    71       45       44       
P8335    2        63       43       
P8336    97       31       58       
P8337    23       1        36       
P8338    66       43       8        
P8339    69       49       83       
P8340    34       99       87       
P8341    100      20       91       
P8342    97       65       24       
P8343    10       6        32       
P8344    43       69       35       
P8345    82       56       40       
P8346    95       25       84       
P8347    39       20       15       
P8348    33       28       69       
P8349    59       9        52       
P8350    93       72       7        
P8351    70       9        38       
P8352    75       89       98       
P8353    81       27       19       
P8354    90       20       34       
P8355    79       45       59       
P8356    67       77       3        
P8357    30       20       89       
P8358    45       39       80       
P8359    32       78       60       
P8360    99       42       97       
P8361    41       12       69       
P8362    61       96       33       
P8363    4        4        66       
P8364    51       58       1        
P8365    15       1        2        
P8366    17       35       12       
P8367    3        9        72       
P8368    65       53       26       
P8369    59       23       51       
P8370    57       18       47       
P8371    44       54       16       
P8372    98       84       29       
P8373    41       78       52       
P8374    40       2        41       
P8375    98       68       85       
P8376    84       60       19       
P8377    49       20       56       
P8378    43       84       19       
P8379    69       38       3        
P8380    25       97       13       
P8381    100      77       22       
P8382    98       92       92       
P8383    84       26       59       
P8384    62       24       85       
P8385    19       41       19       
P8386    47       21       30       
P8387    95       43       67       
P8388    90       15       62       
P8389    56       21       39       
P8390    33       43       11       
P8391    26       23       75       
P8392    77       99       31       
P8393    68       51       28       
P8394    67       58       72       
P8395    61       15       75       
P8396    34       86       45       
P8397    11       9        24       
P8398    2        56       14       
P8399    81       17       4        
P8400    29       16       51       
P8401    27       44       63       
P8402    55       30       55       
P8403    53       64       50       
P8404    10       88       18       
P8405    15       62       71       
P8406    98       17       56       
P8407    34       59       92       
P8408    7        3        2        
P8409    60       25       25       
P8410    57       91       57       
P8411    20       84       31       
P8412    84       51       28       
P8413    86       67       90       
P8414    5        37       37       
P8415    72       64       45       
P8416    90       82       15       
P8417    32       76       43       
P8418    57       59       77       
P8419    59       85       67       
P8420    86       79       18       
P8421    62       63       86       
P8422    84       80       8        
P8423    50       35       26       
P8424    21       79       19       
P8425    89       25       33       
P8426    20       17       22       
P8427    98       76       46       
P8428    69       61       38       
P8429    85       47       65       
P8430    90       85       18       
P8431    83       91       52       
P8432    93       40       28       
P8433    96       40       5        
P8434    24       23       84       
P8435    36       92       94       
P8436    33       86       84       
P8437    59       52       2        
P8438    35       54       11       
P8439    69       63       34       
P8440    81       26       33       
P8441    37       96       94       
P8442    97       70       20       
P8443    8        99       92       
P8444    6        54       62       
P8445    68       42       36       
P8446    6        36       86       
P8447    75       57       34       
P8448    33       39       30       
P8449    36       63       6        
P8450    84       61       39       
P8451    35       70       41       
P8452    12       31       76       
P8453    7        84       11       
P8454    85       21       8        
P8455    79       54       14       
P8456    21       36       64       
P8457    39       55       41       
P8458    90       67       21       
P8459    57       27       31       
P8460    65       80       32       
P8461    55       29       35       
P8462    69       88       83       
P8463    38       31       60       
P8464    33       89       22       
P8465    5        2        32       
P8466    44       64       22       
P8467    96       38       95       
P8468    53       10       49       
P8469    53       88       31       
P8470    45       69       75       
P8471    80       12       23       
P8472    7        13       59       
P8473    6        84       47       
P8474    91       49       71       
P8475    97       54       1        
P8476    59       44       19       
P8477    83       46       28       
P8478    60       76       63       
P8479    53       23       53       
P8480    90       95       17       
P8481    77       95       80       
P8482    99       74       61       
P8483    60       95       99       
P8484    35       39       87       
P8485    25       46       4        
P8486    81       42       23       
P8487    26       44       27       
P8488    91       8        38       
P8489    82       77       95       
P8490    75       66       51       
P8491    47       61       95       
P8492    41       6        95       
P8493    87       58       21       
P8494    56       39       45       
P8495    69       85       92       
P8496    2        43       64       
P8497    38       11       5        
P8498    54       71       2        
P8499    35       64       5        
P8500    80       6        54       
P8501    100      66       68       
P8502    67       51       36       
P8503    22       85       23       
P8504    20       96       100      
P8505    91       78       73       
P8506    23       15       74       
P8507    27       85       27       
P8508    46       78       78       
P8509    67       27       26       
P8510    3        9        63       
P8511    60       48       33       
P8512    61       30       89       
P8513    65       44       94       
P8514    60       37       45       
P8515    56       55       53       
P8516    9        64       89       
P8517    86       32       67       
P8518    10       95       49       
P8519    79       16       56       
P8520    34       49       6        
P8521    58       74       36       
P8522    40       79       74       
P8523    84       25       97       
P8524    66       84       26       
P8525    66       39       35       
P8526    7        30       66       
P8527    89       72       20       
P8528    82       89       98       
P8529    4        3        11       
P8530    44       98       23       
P8531    36       77       4        
P8532    18       63       11       
P8533    38       35       11       
P8534    78       83       89       
P8535    39       44       81       
P8536    20       87       45       
P8537    54       10       24       
P8538    8        33       14       
P8539    75       69       80       
P8540    68       2        81       
P8541    44       17       59       
P8542    4        31       2        
P8543    63       45       87       
P8544    26       12       21       
P8545    3        26       32       
P8546    57       11       89       
P8547    1        50       93       
P8548    40       5        65       
P8549    83       2        39       
P8550    23       1        45       
P8551    33       40       14       
P8552    42       49       87       
P8553    20       35       23       
P8554    33       93       48       
P8555    24       92       5        
P8556    36       58       75       
P8557    71       74       92       
P8558    57       83       52       
P8559    17       6        31       
P8560    11       29       65       
P8561    73       61       11       
P8562    64       6        60       
P8563    55       42       45       
P8564    12       59       24       
P8565    29       97       62       
P8566    80       54       19       
P8567    5        23       34       
P8568    91       62       2        
P8569    57       55       27       
P8570    100      99       37       
P8571    75       69       86       
P8572    72       100      74       
P8573    53       93       97       
P8574    94       63       22       
P8575    36       30       59       
P8576    57       81       10       
P8577    20       40       57       
P8578    44       36       76       
P8579    13       33       29       
P8580    56       95       62       
P8581    15       76       39       
P8582    13       35       35       
P8583    76       94       54       
P8584    51       87       97       
P8585    83       64       5        
P8586    70       78       64       
P8587    76       49       16       
P8588    42       99       48       
P8589    80       37       86       
P8590    82       64       56       
P8591    54       33       70       
P8592    60       34       4        
P8593    24       30       28       
P8594    68       54       75       
P8595    64       49       99       
P8596    6        2        85       
P8597    22       62       16       
P8598    29       18       65       
P8599    13       72       30       
P8600    25       85       37       
P8601    51       82       78       
P8602    45       17       33       
P8603    44       10       4        
P8604    80       71       43       
P8605    12       85       37       
P8606    81       48       53       
P8607    23       23       24       
P8608    7        16       78       
P8609    74       26       42       
P8610    3        3        74       
P8611    17       95       8        
P8612    26       22       26       
P8613    67       38       45       
P8614    91       77       53       
P8615    81       16       53       
P8616    29       50       77       
P8617    51       92       57       
P8618    99       48       94       
P8619    2        80       53       
P8620    97       59       50       
P8621    91       18       60       
P8622    75       5        93       
P8623    91       87       41       
P8624    37       88       92       
P8625    82       57       67       
P8626    42       48       99       
P8627    51       45       26       
P8628    12       79       38       
P8629    69       85       36       
P8630    80       33       33       
P8631    42       65       41       
P8632    63       64       72       
P8633    64       98       47       
P8634    5        63       8        
P8635    91       75       3        
P8636    37       76       78       
P8637    15       43       27       
P8638    50       15       92       
P8639    26       32       79       
P8640    14       60       68       
P8641    83       74       78       
P8642    79       10       87       
P8643    58       8        55       
P8644    6        21       79       
P8645    52       21       28       
P8646    66       64       97       
P8647    88       32       22       
P8648    5        48       46       
P8649    100      12       72       
P8650    24       92       99       
P8651    55       34       80       
P8652    21       87       49       
P8653    33       71       58       
P8654    83       52       76       
P8655    81       38       20       
P8656    78       87       92       
P8657    37       24       83       
P8658    79       42       89       
P8659    84       91       51       
P8660    1        79       75       
P8661    61       70       84       
P8662    61       6        41       
P8663    22       43       66       
P8664    27       19       7        
P8665    17       89       15       
P8666    26       64       88       
P8667    26       85       37       
P8668    54       18       100      
P8669    58       66       20       
P8670    32       2        30       
P8671    10       41       25       
P8672    96       90       69       
P8673    63       14       25       
P8674    49       23       15       
P8675    54       53       96       
P8676    60       40       74       
P8677    99       23       31       
P8678    25       98       27       
P8679    52       99       91       
P8680    54       95       89       
P8681    19       8        62       
P8682    29       25       13       
P8683    4        94       33       
P8684    93       87       18       
P8685    21       63       79       
P8686    38       43       77       
P8687    83       19       59       
P8688    84       95       96       
P8689    99       32       45       
P8690    11       9        47       
P8691    55       74       49       
P8692    78       97       48       
P8693    40       61       7        
P8694    49       30       1        
P8695    37       94       47       
P8696    31       74       53       
P8697    57       49       73       
P8698    41       21       12       
P8699    42       91       61       
P8700    1        50       9        
P8701    59       98       54       
P8702    24       91       52       
P8703    25       89       75       
P8704    44       71       92       
P8705    88       7        1        
P8706    19       83       11       
P8707    47       94       49       
P8708    51       64       11       
P8709    55       6        56       
P8710    60       70       25       
P8711    86       57       94       
P8712    63       33       85       
P8713    67       51       62       
P8714    38       5        94       
P8715    91       17       33       
P8716    30       82       11       
P8717    9        83       81       
P8718    85       17       51       
P8719    74       55       49       
P8720    85       81       29       
P8721    27       96       1        
P8722    94       17       11       
P8723    8        87       64       
P8724    42       30       1        
P8725    52       2        37       
P8726    99       11       18       
P8727    20       86       70       
P8728    58       2        54       
P8729    12       74       38       
P8730    62       46       13       
P8731    56       9        32       
P8732    55       3        77       
P8733    5        68       15       
P8734    77       9        26       
P8735    19       14       40       
P8736    74       59       66       
P8737    84       68       7        
P8738    58       53       70       
P8739    84       98       41       
P8740    100      33       43       
P8741    27       1        30       
P8742    4        25       49       
P8743    53       2        73       
P8744    94       21       55       
P8745    40       6        56       
P8746    26       98       25       
P8747    82       74       87       
P8748    59       48       61       
P8749    47       57       3        
P8750    39       34       47       
P8751    93       48       91       
P8752    47       59       90       
P8753    34       34       62       
P8754    32       9        7        
P8755    3        93       96       
P8756    34       93       89       
P8757    94       62       53       
P8758    11       44       32       
P8759    66       59       56       
P8760    44       53       51       
P8761    86       42       53       
P8762    41       87       37       
P8763    34       24       11       
P8764    59       98       52       
P8765    39       2        33       
P8766    75       85       23       
P8767    71       15       99       
P8768    66       62       98       
P8769    66       78       58       
P8770    89       79       75       
P8771    4        1        9        
P8772    70       98       68       
P8773    86       76       41       
P8774    16       45       95       
P8775    62       38       28       
P8776    47       23       98       
P8777    15       89       89       
P8778    43       41       46       
P8779    91       25       47       
P8780    78       46       23       
P8781    24       10       1        
P8782    9        27       25       
P8783    85       82       13       
P8784    60       50       60       
P8785    90       59       56       
P8786    97       59       29       
P8787    92       12       14       
P8788    50       79       53       
P8789    61       92       9        
P8790    90       26       51       
P8791    28       29       72       
P8792    69       40       95       
P8793    8        22       91       
P8794    90       23       94       
P8795    94       59       35       
P8796    18       79       74       
P8797    30       54       45       
P8798    43       82       28       
P8799    86       43       23       
P8800    13       24       96       
P8801    67       97       72       
P8802    38       67       60       
P8803    61       75       56       
P8804    18       84       62       
P8805    21       64       13       
P8806    1        89       13       
P8807    20       68       53       
P8808    96       99       14       
P8809    75       87       57       
P8810    15       38       17       
P8811    4        39       58       
P8812    61       100      75       
P8813    68       11       71       
P8814    2        31       100      
P8815    86       87       38       
P8816    22       2        42       
P8817    2        31       69       
P8818    89       13       84       
P8819    95       69       69       
P8820    74       100      26       
P8821    63       71       16       
P8822    31       18       78       
P8823    50       28       72       
P8824    90       47       3        
P8825    81       21       51       
P8826    17       51       2        
P8827    14       94       3        
P8828    12       72       7        
P8829    21       6        8        
P8830    24       72       17       
P8831    71       19       85       
P8832    13       49       53       
P8833    61       48       33       
P8834    92       6        76       
P8835    93       17       58       
P8836    20       34       87       
P8837    4        51       25       
P8838    62       77       17       
P8839    80       86       86       
P8840    2        64       100      
P8841    92       49       47       
P8842    55       97       90       
P8843    79       83       42       
P8844    92       97       60       
P8845    35       71       61       
P8846    22       90       9        
P8847    67       50       72       
P8848    53       95       72       
P8849    2        5        54       
P8850    79       20       96       
P8851    93       39       65       
P8852    5        51       62       
P8853    2        41       78       
P8854    59       57       21       
P8855    83       15       82       
P8856    5        51       9        
P8857    81       81       99       
P8858    54       35       11       
P8859    96       86       84       
P8860    40       36       50       
P8861    26       92       68       
P8862    71       3        97       
P8863    67       63       9        
P8864    64       74       44       
P8865    46       16       22       
P8866    38       76       40       
P8867    26       15       79       
P8868    67       16       98       
P8869    90       31       91       
P8870    71       45       55       
P8871    93       47       25       
P8872    82       28       83       
P8873    22       6        79       
P8874    64       65       25       
P8875    46       74       41       
P8876    60       42       61       
P8877    4        14       23       
P8878    26       76       100      
P8879    1        3        69       
P8880    39       26       19       
P8881    63       82       77       
P8882    61       32       94       
P8883    52       51       14       
P8884    44       76       86       
P8885    27       10       19       
P8886    41       94       2        
P8887    11       84       95       
P8888    88       66       12       
P8889    1        7        43       
P8890    76       43       24       
P8891    59       79       61       
P8892    7        61       93       
P8893    95       23       87       
P8894    87       92       45       
P8895    81       8        50       
P8896    1        1        86       
P8897    46       65       86       
P8898    94       61       78       
P8899    23       24       16       
P8900    89       16       58       
P8901    97       22       26       
P8902    69       2        85       
P8903    60       46       3        
P8904    95       22       40       
P8905    66       83       71       
P8906    40       95       11       
P8907    15       3        35       
P8908    69       46       92       
P8909    8        36       17       
P8910    58       6        32       
P8911    47       65       26       
P8912    89       89       31       
P8913    88       17       82       
P8914    73       64       52       
P8915    33       100      25       
P8916    50       96       18       
P8917    90       32       23       
P8918    6        50       91       
P8919    39       69       63       
P8920    26       98       10       
P8921    11       15       40       
P8922    53       11       41       
P8923    50       35       46       
P8924    61       75       62       
P8925    73       43       20       
P8926    69       66       65       
P8927    86       76       98       
P8928    100      91       26       
P8929    67       46       62       
P8930    50       76       44       
P8931    36       24       64       
P8932    31       63       89       
P8933    55       94       14       
P8934    87       35       89       
P8935    96       20       11       
P8936    65       94       38       
P8937    35       52       96       
P8938    32       11       23       
P8939    60       7        22       
P8940    11       98       79       
P8941    75       85       51       
P8942    40       99       66       
P8943    69       42       63       
P8944    44       77       2        
P8945    45       23       28       
P8946    37       17       68       
P8947    84       74       85       
P8948    4        39       22       
P8949    38       12       94       
P8950    25       36       5        
P8951    91       20       13       
P8952    3        21       91       
P8953    94       8        93       
P8954    19       30       3        
P8955    47       52       95       
P8956    34       7        62       
P8957    96       65       46       
P8958    64       37       44       
P8959    21       84       75       
P8960    57       84       64       
P8961    11       76       74       
P8962    8        42       60       
P8963    32       87       67       
P8964    76       84       89       
P8965    49       98       35       
P8966    2        37       7        
P8967    26       10       100      
P8968    52       44       17       
P8969    33       89       9        
P8970    27       1        57       
P8971    100      72       32       
P8972    53       45       67       
P8973    5        34       62       
P8974    2        56       6        
P8975    52       88       63       
P8976    51       2        66       
P8977    66       80       68       
P8978    11       47       81       
P8979    94       26       31       
P8980    10       84       22       
P8981    40       43       16       
P8982    66       52       63       
P8983    86       63       95       
P8984    55       21       63       
P8985    55       11       7        
P8986    12       73       64       
P8987    61       38       76       
P8988    33       85       6        
P8989    16       87       11       
P8990    92       69       83       
P8991    99       75       14       
P8992    84       49       17       
P8993    57       59       33       
P8994    34       79       48       
P8995    33       67       94       
P8996    70       21       8        
P8997    27       30       77       
P8998    61       14       60       
P8999    97       46       69       
P9000    44       32       50       
P9001    21       57       23       
P9002    11       28       77       
P9003    94       77       88       
P9004    48       32       57       
P9005    94       65       88       
P9006    12       11       23       
P9007    12       32       68       
P9008    6        89       63       
P9009    92       4        93       
P9010    8        6        35       
P9011    45       60       41       
P9012    39       7        94       
P9013    65       36       77       
P9014    58       46       18       
P9015    17       87       99       
P9016    66       60       23       
P9017    16       79       74       
P9018    14       44       62       
P9019    79       76       6        
P9020    46       52       36       
P9021    8        79       70       
P9022    54       19       18       
P9023    84       15       62       
P9024    58       32       80       
P9025    13       82       55       
P9026    97       19       35       
P9027    70       61       15       
P9028    73       6        96       
P9029    88       31       48       
P9030    32       40       84       
P9031    46       93       35       
P9032    29       26       40       
P9033    98       33       1        
P9034    7        98       43       
P9035    8        31       11       
P9036    51       59       63       
P9037    17       60       98       
P9038    89       10       50       
P9039    56       11       20       
P9040    49       48       36       
P9041    94       54       4        
P9042    92       38       50       
P9043    90       22       93       
P9044    56       2        86       
P9045    46       79       17       
P9046    52       46       50       
P9047    91       16       34       
P9048    77       48       83       
P9049    16       97       13       
P9050    54       39       51       
P9051    71       62       84       
P9052    35       77       85       
P9053    22       80       86       
P9054    17       34       4        
P9055    55       59       65       
P9056    93       31       62       
P9057    40       94       5        
P9058    97       37       97       
P9059    11       91       44       
P9060    39       40       82       
P9061    61       19       52       
P9062    40       30       59       
P9063    53       67       50       
P9064    80       62       43       
P9065    44       52       52       
P9066    67       89       15       
P9067    25       40       60       
P9068    55       60       70       
P9069    51       94       88       
P9070    77       72       99       
P9071    33       7        16       
P9072    80       13       1        
P9073    69       55       16       
P9074    67       38       6        
P9075    14       54       34       
P9076    61       70       97       
P9077    86       8        60       
P9078    76       65       62       
P9079    45       34       92       
P9080    6        39       30       
P9081    63       13       16       
P9082    20       21       9        
P9083    80       17       75       
P9084    30       71       89       
P9085    56       22       33       
P9086    1        26       26       
P9087    8        10       17       
P9088    95       12       18       
P9089    37       15       39       
P9090    94       23       27       
P9091    12       52       69       
P9092    58       50       58       
P9093    42       72       90       
P9094    60       85       100      
P9095    61       16       29       
P9096    92       8        76       
P9097    43       51       31       
P9098    66       22       34       
P9099    85       72       35       
P9100    88       30       93       
P9101    36       43       46       
P9102    53       54       89       
P9103    30       9        3        
P9104    79       22       43       
P9105    35       62       30       
P9106    17       60       51       
P9107    47       48       53       
P9108    97       73       97       
P9109    52       11       42       
P9110    27       10       15       
P9111    26       41       80       
P9112    59       51       84       
P9113    33       35       13       
P9114    36       39       43       
P9115    70       72       69       
P9116    99       99       76       
P9117    78       65       6        
P9118    63       28       44       
P9119    84       74       71       
P9120    95       57       68       
P9121    52       96       8        
P9122    100      91       79       
P9123    57       29       32       
P9124    19       61       24       
P9125    23       73       28       
P9126    13       92       92       
P9127    90       24       86       
P9128    17       32       63       
P9129    96       90       8        
P9130    86       64       10       
P9131    64       2        60       
P9132    34       87       38       
P9133    96       27       41       
P9134    76       22       9        
P9135    76       69       47       
P9136    39       37       89       
P9137    82       96       46       
P9138    70       53       26       
P9139    67       99       81       
P9140    13       43       4        
P9141    63       8        11       
P9142    41       30       57       
P9143    63       73       71       
P9144    7        38       53       
P9145    71       62       9        
P9146    46       50       10       
P9147    72       92       32       
P9148    100      96       13       
P9149    26       53       77       
P9150    55       7        61       
P9151    31       9        23       
P9152    85       8        57       
P9153    10       14       57       
P9154    22       2        63       
P9155    58       41       19       
P9156    5        45       32       
P9157    52       34       11       
P9158    6        39       82       
P9159    58       63       43       
P9160    39       70       47       
P9161    6        53       79       
P9162    57       73       13       
P9163    41       98       56       
P9164    52       75       28       
P9165    54       39       55       
P9166    3        14       95       
P9167    14       87       30       
P9168    18       28       59       
P9169    33       49       78       
P9170    25       40       62       
P9171    4        51       94       
P9172    81       35       47       
P9173    16       92       32       
P9174    73       64       19       
P9175    39       13       77       
P9176    70       86       34       
P9177    92       11       46       
P9178    54       43       60       
P9179    80       4        68       
P9180    26       43       78       
P9181    82       47       77       
P9182    23       43       42       
P9183    96       92       1        
P9184    10       79       44       
P9185    14       52       89       
P9186    6        67       38       
P9187    35       48       89       
P9188    49       77       70       
P9189    56       43       11       
P9190    80       18       76       
P9191    90       88       25       
P9192    42       19       4        
P9193    21       91       9        
P9194    92       91       14       
P9195    6        53       26       
P9196    35       51       67       
P9197    43       93       25       
P9198    8        66       30       
P9199    5        82       69       
P9200    98       49       90       
P9201    61       80       89       
P9202    4        64       35       
P9203    52       97       32       
P9204    20       62       39       
P9205    59       58       51       
P9206    31       80       98       
P9207    47       83       50       
P9208    5        90       3        
P9209    77       57       28       
P9210    87       77       71       
P9211    29       28       31       
P9212    88       79       37       
P9213    47       97       52       
P9214    81       16       6        
P9215    20       48       36       
P9216    48       28       2        
P9217    52       88       96       
P9218    39       72       24       
P9219    36       79       11       
P9220    11       33       17       
P9221    9        24       48       
P9222    6        54       75       
P9223    56       77       87       
P9224    66       97       31       
P9225    61       89       97       
P9226    63       19       57       
P9227    82       90       14       
P9228    10       79       78       
P9229    63       19       60       
P9230    6        16       11       
P9231    45       56       76       
P9232    54       2        34       
P9233    56       34       93       
P9234    53       36       53       
P9235    97       32       28       
P9236    51       20       30       
P9237    47       57       29       
P9238    43       50       26       
P9239    23       97       2        
P9240    34       21       99       
P9241    80       93       78       
P9242    3        10       65       
P9243    55       5        55       
P9244    16       81       52       
P9245    1        81       57       
P9246    17       7        58       
P9247    34       59       29       
P9248    9        37       66       
P9249    84       44       12       
P9250    52       59       9        
P9251    57       30       48       
P9252    34       42       99       
P9253    64       13       35       
P9254    32       18       38       
P9255    32       4        87       
P9256    72       57       55       
P9257    23       30       96       
P9258    34       93       19       
P9259    17       78       68       
P9260    18       78       19       
P9261    30       24       98       
P9262    47       82       1        
P9263    93       79       90       
P9264    38       25       34       
P9265    56       83       38       
P9266    34       13       44       
P9267    73       44       8        
P9268    22       75       37       
P9269    38       11       38       
P9270    26       90       66       
P9271    42       69       88       
P9272    15       89       14       
P9273    31       59       49       
P9274    21       87       76       
P9275    62       78       87       
P9276    27       32       45       
P9277    28       6        76       
P9278    90       67       90       
P9279    59       6        48       
P9280    55       8        24       
P9281    3        56       98       
P9282    34       5        13       
P9283    58       83       88       
P9284    19       56       58       
P9285    84       79       94       
P9286    30       82       19       
P9287    25       54       71       
P9288    74       3        44       
P9289    22       31       90       
P9290    93       32       70       
P9291    27       51       49       
P9292    99       61       88       
P9293    88       36       29       
P9294    31       27       29       
P9295    97       69       33       
P9296    71       45       34       
P9297    84       50       37       
P9298    53       55       36       
P9299    58       58       39       
P9300    28       14       88       
P9301    42       68       95       
P9302    56       17       79       
P9303    32       81       81       
P9304    22       49       12       
P9305    25       2        20       
P9306    52       80       87       
P9307    82       80       15       
P9308    5        49       86       
P9309    91       76       17       
P9310    96       88       94       
P9311    42       69       93       
P9312    100      71       93       
P9313    99       65       1        
P9314    38       50       69       
P9315    51       44       83       
P9316    62       58       92       
P9317    20       81       94       
P9318    46       82       31       
P9319    56       96       24       
P9320    46       60       43       
P9321    95       64       74       
P9322    20       58       76       
P9323    56       16       32       
P9324    100      51       38       
P9325    100      95       27       
P9326    58       79       87       
P9327    58       60       3        
P9328    51       17       98       
P9329    41       8        34       
P9330    43       18       26       
P9331    90       45       54       
P9332    26       51       90       
P9333    100      70       42       
P9334    80       18       5        
P9335    46       86       53       
P9336    73       93       63       
P9337    39       51       8        
P9338    57       85       10       
P9339    39       6        72       
P9340    57       67       33       
P9341    4        91       100      
P9342    84       3        73       
P9343    60       3        55       
P9344    83       89       72       
P9345    7        51       3        
P9346    2        9        87       
P9347    60       53       86       
P9348    74       77       35       
P9349    99       15       24       
P9350    49       35       93       
P9351    32       68       26       
P9352    43       62       31       
P9353    4        68       61       
P9354    67       69       27       
P9355    52       95       41       
P9356    51       48       49       
P9357    47       45       6        
P9358    9        43       75       
P9359    96       2        85       
P9360    28       79       23       
P9361    42       17       44       
P9362    21       45       92       
P9363    20       90       83       
P9364    96       78       81       
P9365    55       50       5        
P9366    18       14       43       
P9367    100      88       72       
P9368    79       45       92       
P9369    24       6        49       
P9370    89       14       14       
P9371    5        9        29       
P9372    48       7        15       
P9373    49       100      9        
P9374    77       74       72       
P9375    64       94       24       
P9376    8        2        58       
P9377    4        6        8        
P9378    19       7        49       
P9379    94       53       27       
P9380    24       20       16       
P9381    18       89       22       
P9382    89       28       3        
P9383    86       35       9        
P9384    81       18       21       
P9385    19       40       62       
P9386    22       38       21       
P9387    35       96       97       
P9388    85       42       93       
P9389    73       35       96       
P9390    100      30       40       
P9391    94       37       54       
P9392    29       22       13       
P9393    35       12       20       
P9394    1        13       8        
P9395    35       56       97       
P9396    33       52       84       
P9397    17       57       90       
P9398    86       3        14       
P9399    69       63       54       
P9400    24       41       9        
P9401    56       14       42       
P9402    70       46       65       
P9403    16       75       50       
P9404    26       17       52       
P9405    18       25       40       
P9406    60       72       10       
P9407    11       33       34       
P9408    28       45       22       
P9409    12       13       29       
P9410    65       80       42       
P9411    35       96       13       
P9412    83       92       27       
P9413    29       47       98       
P9414    33       33       78       
P9415    89       69       44       
P9416    68       17       48       
P9417    43       60       17       
P9418    88       76       97       
P9419    2        3        91       
P9420    9        74       18       
P9421    18       35       19       
P9422    97       64       63       
P9423    72       74       44       
P9424    42       10       90       
P9425    4        54       53       
P9426    40       50       93       
P9427    81       24       64       
P9428    90       61       62       
P9429    64       46       74       
P9430    89       59       38       
P9431    69       35       90       
P9432    89       49       97       
P9433    47       52       87       
P9434    13       90       89       
P9435    60       67       12       
P9436    54       100      16       
P9437    73       64       61       
P9438    16       50       28       
P9439    20       51       90       
P9440    21       72       57       
P9441    70       37       89       
P9442    68       96       50       
P9443    4        7        89       
P9444    65       12       28       
P9445    100      69       58       
P9446    38       19       89       
P9447    10       70       16       
P9448    45       53       72       
P9449    21       95       52       
P9450    43       57       20       
P9451    19       17       15       
P9452    49       7        76       
P9453    69       35       17       
P9454    67       10       87       
P9455    23       1        97       
P9456    43       38       73       
P9457    38       79       88       
P9458    81       8        47       
P9459    33       17       73       
P9460    67       16       17       
P9461    41       5        62       
P9462    63       77       10       
P9463    81       8        89       
P9464    32       44       81       
P9465    90       44       17       
P9466    14       26       33       
P9467    14       54       17       
P9468    81       100      87       
P9469    36       92       72       
P9470    25       30       34       
P9471    72       62       51       
P9472    37       94       70       
P9473    22       33       1        
P9474    56       63       65       
P9475    33       17       57       
P9476    24       29       99       
P9477    42       64       68       
P9478    91       25       18       
P9479    29       98       25       
P9480    66       40       86       
P9481    96       6        4        
P9482    53       11       56       
P9483    47       62       29       
P9484    93       59       55       
P9485    76       78       4        
P9486    19       91       9        
P9487    59       10       50       
P9488    88       4        39       
P9489    48       42       76       
P9490    86       83       3        
P9491    87       3        59       
P9492    79       45       31       
P9493    48       38       100      
P9494    95       54       11       
P9495    89       58       63       
P9496    79       8        56       
P9497    64       33       15       
P9498    1        33       37       
P9499    64       62       23       
P9500    98       91       48       
P9501    21       53       26       
P9502    68       11       72       
P9503    78       80       91       
P9504    59       11       65       
P9505    93       70       89       
P9506    36       89       32       
P9507    63       26       80       
P9508    76       78       64       
P9509    44       99       42       
P9510    17       87       70       
P9511    36       16       83       
P9512    29       40       77       
P9513    32       53       100      
P9514    43       31       19       
P9515    58       60       26       
P9516    83       94       71       
P9517    49       76       19       
P9518    55       51       85       
P9519    3        40       35       
P9520    9        59       58       
P9521    14       76       98       
P9522    58       14       91       
P9523    39       87       58       
P9524    63       49       18       
P9525    5        49       70       
P9526    49       9        25       
P9527    52       12       99       
P9528    61       32       38       
P9529    33       48       98       
P9530    33       37       45       
P9531    35       95       26       
P9532    98       6        29       
P9533    46       3        41       
P9534    80       85       85       
P9535    47       54       56       
P9536    3        95       15       
P9537    90       72       96       
P9538    86       29       61       
P9539    92       23       42       
P9540    42       84       23       
P9541    90       61       42       
P9542    87       73       12       
P9543    18       62       82       
P9544    33       99       46       
P9545    13       75       17       
P9546    54       5        83       
P9547    76       77       85       
P9548    25       41       59       
P9549    29       41       33       
P9550    55       34       67       
P9551    72       77       75       
P9552    91       75       54       
P9553    1        45       65       
P9554    100      34       29       
P9555    28       24       58       
P9556    18       4        68       
P9557    35       23       7        
P9558    54       22       59       
P9559    75       8        99       
P9560    66       73       100      
P9561    57       61       74       
P9562    84       88       77       
P9563    23       92       92       
P9564    45       95       25       
P9565    35       30       38       
P9566    86       12       2        
P9567    71       48       71       
P9568    37       34       59       
P9569    41       18       90       
P9570    52       52       6        
P9571    73       32       72       
P9572    66       10       28       
P9573    60       72       58       
P9574    25       72       25       
P9575    97       70       13       
P9576    54       83       48       
P9577    76       25       54       
P9578    92       48       74       
P9579    70       53       78       
P9580    11       11       25       
P9581    11       26       24       
P9582    98       1        14       
P9583    57       100      44       
P9584    89       8        33       
P9585    68       52       54       
P9586    42       27       28       
P9587    88       87       76       
P9588    25       41       34       
P9589    63       46       70       
P9590    13       81       10       
P9591    37       24       37       
P9592    98       13       93       
P9593    37       47       62       
P9594    57       27       82       
P9595    65       53       59       
P9596    87       46       75       
P9597    2        39       65       
P9598    5        69       14       
P9599    5        50       64       
P9600    17       32       13       
P9601    22       18       97       
P9602    96       66       70       
P9603    43       32       80       
P9604    96       53       42       
P9605    58       60       20       
P9606    68       95       53       
P9607    69       22       61       
P9608    76       10       64       
P9609    35       3        65       
P9610    2        14       95       
P9611    70       35       10       
P9612    71       45       39       
P9613    25       57       19       
P9614    52       91       6        
P9615    63       72       12       
P9616    74       42       58       
P9617    51       2        52       
P9618    62       89       52       
P9619    42       78       31       
P9620    4        9        20       
P9621    69       56       97       
P9622    66       7        57       
P9623    11       50       50       
P9624    25       65       78       
P9625    72       43       91       
P9626    87       14       22       
P9627    11       47       38       
P9628    27       94       72       
P9629    13       1        95       
P9630    5        51       82       
P9631    25       12       6        
P9632    12       85       94       
P9633    82       85       82       
P9634    4        90       49       
P9635    48       35       48       
P9636    39       33       54       
P9637    55       43       15       
P9638    63       74       11       
P9639    15       16       74       
P9640    68       11       9        
P9641    57       56       6        
P9642    4        17       14       
P9643    33       39       11       
P9644    59       7        94       
P9645    1        40       10       
P9646    85       8        61       
P9647    5        99       8        
P9648    24       57       78       
P9649    42       63       48       
P9650    53       71       29       
P9651    14       20       55       
P9652    51       79       74       
P9653    21       44       31       
P9654    26       99       54       
P9655    16       80       46       
P9656    8        81       90       
P9657    10       89       20       
P9658    27       92       99       
P9659    50       37       66       
P9660    2        60       25       
P9661    97       31       42       
P9662    71       79       90       
P9663    68       2        79       
P9664    88       45       46       
P9665    60       94       67       
P9666    89       69       59       
P9667    18       49       72       
P9668    4        29       33       
P9669    36       98       94       
P9670    94       74       88       
P9671    23       37       36       
P9672    40       69       15       
P9673    91       41       74       
P9674    14       66       76       
P9675    76       54       71       
P9676    47       68       23       
P9677    32       6        21       
P9678    90       20       29       
P9679    100      35       40       
P9680    59       81       99       
P9681    26       78       89       
P9682    36       6        39       
P9683    84       35       37       
P9684    65       12       15       
P9685    18       6        95       
P9686    20       85       58       
P9687    9        79       16       
P9688    61       13       58       
P9689    60       88       66       
P9690    26       35       24       
P9691    39       91       26       
P9692    43       95       36       
P9693    26       79       87       
P9694    23       47       97       
P9695    14       36       33       
P9696    79       72       3        
P9697    100      95       84       
P9698    56       48       76       
P9699    15       47       31       
P9700    82       9        21       
P9701    97       54       47       
P9702    82       62       8        
P9703    4        65       66       
P9704    66       86       15       
P9705    75       90       68       
P9706    23       73       47       
P9707    9        31       62       
P9708    41       68       96       
P9709    93       75       19       
P9710    35       4        3        
P9711    15       25       99       
P9712    29       90       69       
P9713    18       96       64       
P9714    93       14       62       
P9715    12       87       3        
P9716    3        35       25       
P9717    98       62       55       
P9718    1        61       8        
P9719    22       47       58       
P9720    42       73       53       
P9721    33       81       20       
P9722    78       69       53       
P9723    48       62       14       
P9724    19       40       58       
P9725    44       33       63       
P9726    51       1        80       
P9727    26       82       45       
P9728    72       74       43       
P9729    7        33       76       
P9730    19       69       85       
P9731    97       13       49       
P9732    82       10       19       
P9733    50       78       97       
P9734    51       26       34       
P9735    83       28       97       
P9736    21       29       28       
P9737    48       82       1        
P9738    13       21       81       
P9739    5        11       58       
P9740    91       32       2        
P9741    54       67       14       
P9742    75       43       66       
P9743    87       69       90       
P9744    39       64       47       
P9745    78       28       69       
P9746    77       99       55       
P9747    54       96       52       
P9748    24       29       15       
P9749    63       28       62       
P9750    60       80       14       
P9751    77       92       78       
P9752    14       81       7        
P9753    57       56       19       
P9754    72       67       94       
P9755    10       98       66       
P9756    6        10       11       
P9757    10       91       60       
P9758    49       100      95       
P9759    13       27       54       
P9760    27       27       18       
P9761    44       3        32       
P9762    67       36       24       
P9763    58       5        58       
P9764    16       60       43       
P9765    14       54       28       
P9766    84       54       55       
P9767    51       46       45       
P9768    81       65       6        
P9769    78       34       33       
P9770    91       51       9        
P9771    1        53       13       
P9772    53       20       17       
P9773    29       23       97       
P9774    46       66       43       
P9775    12       39       46       
P9776    26       87       93       
P9777    98       80       43       
P9778    72       33       77       
P9779    38       79       97       
P9780    9        13       68       
P9781    74       53       28       
P9782    77       33       81       
P9783    5        42       49       
P9784    9        2        93       
P9785    72       68       98       
P9786    76       76       4        
P9787    62       21       98       
P9788    28       66       59       
P9789    57       22       43       
P9790    9        81       33       
P9791    34       41       6        
P9792    60       31       83       
P9793    83       6        51       
P9794    43       83       51       
P9795    72       90       6        
P9796    16       86       77       
P9797    99       42       75       
P9798    97       31       71       
P9799    25       7        62       
P9800    66       16       50       
P9801    50       86       31       
P9802    84       59       95       
P9803    79       26       51       
P9804    28       3        72       
P9805    87       77       76       
P9806    69       51       78       
P9807    61       15       100      
P9808    25       92       92       
P9809    91       70       86       
P9810    45       11       11       
P9811    97       76       76       
P9812    26       100      6        
P9813    94       88       4        
P9814    5        12       84       
P9815    96       37       70       
P9816    47       78       82       
P9817    95       86       58       
P9818    82       34       25       
P9819    26       97       91       
P9820    76       48       17       
P9821    1        11       13       
P9822    18       43       11       
P9823    18       82       7        
P9824    68       66       18       
P9825    32       18       74       
P9826    73       8        97       
P9827    62       97       82       
P9828    17       45       1        
P9829    35       22       100      
P9830    46       8        85       
P9831    88       7        76       
P9832    12       45       56       
P9833    58       13       27       
P9834    85       17       83       
P9835    1        64       78       
P9836    44       54       97       
P9837    8        43       15       
P9838    79       20       82       
P9839    10       77       35       
P9840    84       65       39       
P9841    24       22       8        
P9842    74       6        79       
P9843    49       66       28       
P9844    15       2        19       
P9845    85       56       72       
P9846    44       90       97       
P9847    30       45       59       
P9848    60       10       26       
P9849    13       2        50       
P9850    82       39       11       
P9851    16       66       32       
P9852    74       50       11       
P9853    62       49       76       
P9854    28       38       85       
P9855    48       4        66       
P9856    45       64       80       
P9857    32       30       24       
P9858    92       84       90       
P9859    79       40       9        
P9860    64       12       23       
P9861    66       34       78       
P9862    100      81       66       
P9863    13       54       2        
P9864    8        76       94       
P9865    93       24       7        
P9866    95       57       57       
P9867    61       2        36       
P9868    29       56       91       
P9869    20       48       86       
P9870    64       32       72       
P9871    96       5        89       
P9872    15       91       18       
P9873    85       77       82       
P9874    94       50       37       
P9875    99       61       73       
P9876    71       45       32       
P9877    17       47       39       
P9878    100      30       25       
P9879    68       61       6        
P9880    73       71       34       
P9881    2        27       95       
P9882    79       72       33       
P9883    3        99       30       
P9884    36       67       16       
P9885    3        27       26       
P9886    8        74       54       
P9887    33       5        31       
P9888    69       78       88       
P9889    66       15       98       
P9890    87       51       26       
P9891    69       63       32       
P9892    40       56       67       
P9893    98       95       65       
P9894    47       66       82       
P9895    55       39       13       
P9896    48       89       82       
P9897    40       94       60       
P9898    40       14       77       
P9899    37       33       28       
P9900    26       53       69       
P9901    6        76       93       
P9902    93       28       36       
P9903    35       91       12       
P9904    22       94       46       
P9905    83       95       10       
P9906    56       3        87       
P9907    23       69       15       
P9908    51       100      26       
P9909    95       21       61       
P9910    99       28       3        
P9911    14       83       16       
P9912    37       11       10       
P9913    67       94       52       
P9914    23       89       23       
P9915    26       48       64       
P9916    36       5        51       
P9917    62       63       69       
P9918    25       91       7        
P9919    16       90       89       
P9920    23       42       15       
P9921    46       25       60       
P9922    36       20       50       
P9923    31       97       5        
P9924    62       64       80       
P9925    33       56       93       
P9926    70       36       8        
P9927    75       76       69       
P9928    54       56       76       
P9929    37       37       48       
P9930    85       49       44       
P9931    16       39       66       
P9932    100      15       1        
P9933    99       11       24       
P9934    37       91       25       
P9935    70       62       38       
P9936    78       38       38       
P9937    57       28       84       
P9938    54       1        6        
P9939    69       15       47       
P9940    66       1        55       
P9941    19       40       54       
P9942    13       80       49       
P9943    75       69       57       
P9944    76       67       65       
P9945    7        86       34       
P9946    57       81       9        
P9947    7        50       58       
P9948    35       92       50       
P9949    9        77       11       
P9950    27       38       88       
P9951    14       67       10       
P9952    11       5        100      
P9953    61       95       45       
P9954    53       1        44       
P9955    5        98       82       
P9956    58       17       100      
P9957    33       9        78       
P9958    13       22       77       
P9959    40       51       46       
P9960    73       92       91       
P9961    75       34       79       
P9962    42       18       73       
P9963    73       76       91       
P9964    71       43       57       
P9965    59       49       51       
P9966    97       73       64       
P9967    38       20       99       
P9968    21       12       67       
P9969    3        15       35       
P9970    74       95       43       
P9971    26       75       28       
P9972    65       49       20       
P9973    20       93       46       
P9974    45       15       4        
P9975    56       25       40       
P9976    78       52       87       
P9977    66       96       65       
P9978    64       82       39       
P9979    96       76       44       
P9980    40       1        39       
P9981    9        43       91       
P9982    19       63       100      
P9983    30       40       76       
P9984    89       60       59       
P9985    98       82       81       
P9986    36       100      58       
P9987    30       98       2        
P9988    99       98       61       
P9989    8        2        60       
P9990    57       45       100      
P9991    95       57       47       
P9992    77       91       79       
P9993    58       100      24       
P9994    67       33       76       
P9995    70       63       2        
P9996    58       64       10       
P9997    22       54       58       
P9998    48       62       33       
P9999    46       75       49       
P10000   61       78       28       